system:index,01,02,03,04,05,06,07,08,09,10,11,12,13,14,15,16,17,18,19,20,21,22,23,24,25,26,27,28,29,30,31,32,33,34,35,36,37,38,39,40,41,42,43,44,45,46,47,48,49,50,51,52,CVEGEO,CVE_ENT,NOMGEO,n_year,.geo
00000000000000000000,16.489727287906124,0.13021179160523116,6.956677115680041,0.0,4.9250581162263485,0.06875953800067715,2.0048518974640395,0.6445803915047226,0.007391790196612566,1.7368666647642428,0.16966455625996432,1.5261720554362999,1.6629420764836889,0.4489057851018678,0.0,1.3821646228951963,2.509172820119742,3.846458134037838,10.755368838414109,8.461879460061438,1.418671518019056,0.14660918216316846,25.787441772790526,41.2019882666439,18.566559523002198,25.784629587463296,44.373377673446974,75.8413435299075,28.161500498684852,19.960497640686402,6.046966397497624,63.08344652182885,24.21992829967991,10.045184247861725,9.326062011291652,27.12988147377176,1.5036435446487793,11.288501427359055,5.302334910204441,5.50789587609337,14.465292884183494,0.0,10.783903625481402,0.7283341698982422,0.0,0.08036104499022664,7.780327350901768,0.11759637895498232,0.03422337176781749,1.3652555663613868,1.927086620176332,3.5903924756961487,01,01,Aguascalientes,1984,"{""type"":""MultiPoint"",""coordinates"":[]}"
00000000000000000001,11.321504650033098,1.7239275739520992,0.4546591479237575,0.8480678373637087,5.4794937429946895,0.6316506280706236,0.5687559391518383,0.8218438320953833,0.0599619511112713,0.036957520679766084,0.7096446704420877,2.1643241398379853,6.449965890827646,2.660497392381378,0.026734215367608106,2.4038176650989147,1.3027733772071954,0.11321873899230783,0.005650633772178282,0.15241929855877698,0.0,0.01260327047942468,0.09943069755317036,0.0,0.0,0.12154064914731097,1.197991429145911,4.862861983019645,3.404377906774997,4.285744496269101,0.2219033682475279,0.15032405645982694,10.548428152359515,1.2488690276356098,1.3606317244147874,7.431643905752339,1.2827339323752627,2.992896708236321,2.3289045764685055,0.9421032113998582,0.2477372481127632,1.6446248282084595,1.286980923634864,0.0393843038355452,0.03031606406517834,4.065489925217466,11.578713254649191,0.213120012944847,19.22996923588548,15.213554642669195,4.989824854692777,28.28769212347582,02,02,Baja California,1984,"{""type"":""MultiPoint"",""coordinates"":[]}"
00000000000000000002,10.650453546930017,3.5883480977922333,0.5902074255424893,2.8851041049390003,4.404475790458119,0.26897319154994054,0.06934733403144074,0.8005601746543114,0.24081042768184605,0.01801793550905263,0.012072621864178281,0.8362759233542422,1.159745726070132,0.04976349350176639,3.673368344589206E-4,0.1518599551255755,0.012990315353804434,0.045668994812303874,0.1528085621579996,0.0,5.471594143219362E-7,0.0059955387718092406,9.964782259404145E-4,8.277908612544018E-4,0.2816375678573725,0.24801814110635984,9.384973297797405,13.552335694885196,7.2996268597450475,10.500302712046622,2.2430967430421775,28.37526067511008,12.632823193002997,4.2508285901417935,19.34740480852455,31.452813110075702,8.87374930180361,4.934058967643446,3.8567168790410915,7.845412425090374,0.6245675685394616,0.3830486197321692,2.8578862452616525,0.05065356400082492,0.006191490396552789,0.5140058260639748,2.9457452995066724,0.2868340075115743,2.0022598562352796,12.839765905070404,4.370189668096673,20.405828226196984,03,03,Baja California Sur,1984,"{""type"":""MultiPoint"",""coordinates"":[]}"
00000000000000000003,0.6386130602352409,4.661124839143134,27.195701813596195,5.035766230001197,6.009688763053465,6.661889309076771,16.46927675481834,4.501950715749906,1.793728043140173,3.7707762605605635,0.8390949164480974,23.91990624915373,0.6535963321148448,1.4560182236987966,7.155872039987524,0.8713931414880642,0.20830758280906922,1.368603665953981,74.8341454723426,71.31593286518337,59.02285528367181,102.53045059120986,55.37367170307287,44.271848807969434,33.80926138341684,12.281235794479715,35.856095064220156,32.01095371882104,38.2834699100144,99.10862114246277,47.77198635512209,16.227319649375932,47.74043158245377,48.12125109497322,68.27904348905396,49.61659606637361,61.957000239000514,70.02253289159628,45.51895098825478,21.147566114096847,10.993686494665567,0.0670366433123294,15.76243288639967,33.13727663972308,4.658759609294721,0.06733217246089442,71.50783070937061,1.579627685961516,5.550265411346642,0.17660554019945168,2.6356897280629785,22.242670391404197,04,04,Campeche,1984,"{""type"":""MultiPoint"",""coordinates"":[]}"
00000000000000000004,14.44953148190908,0.9404531985417776,2.2792557564346847,0.25797165260807453,21.136250971787327,0.41469755031339584,0.8922683379497582,1.2162388012934955,0.08778634236496739,0.5195759938144914,1.4425412537234938,0.9951486760811163,2.830788816134254,1.7266173261770579,0.024901288101329428,3.44022907942727,1.7298524851665826,1.8062252546402173,1.013086654180967,28.470891868102985,5.399864563863761,4.634457110599373,13.374238242764575,19.565709019554838,3.9719368508913617,8.07699957698394,7.912132011551745,8.097365390673678,12.266411135859965,22.220287165853183,1.6782376102616956,9.294788620662715,13.11337411672266,0.647034975574328,2.5152436620655902,15.01038669391869,7.590993135820552,2.3923015930457887,13.364541283009425,1.9553360210910151,33.959042506844,0.31441376383042463,11.807751822811724,0.026931854616433517,0.0,0.28079462941380173,12.063746907693057,0.0,2.1833361529906004,8.55658462933821,1.0467033730742092,5.5877038074776015,05,05,Coahuila de Zaragoza,1984,"{""type"":""MultiPoint"",""coordinates"":[]}"
00000000000000000005,14.298595651548698,2.87697425662988,10.493901434106414,0.0,0.9553198699166658,0.03206544579878753,2.1434211884913097,0.05828921594519801,0.5395949011714605,1.633840355249363,0.3057214437141375,0.05570447424259821,2.071494217416751,0.7327479442276928,0.49736523323198645,1.2642699335656644,0.1329907198350185,0.058056945466750075,0.272311100029877,0.6871947183349791,6.686123700393668,8.95011454164357,1.5894304844473623,79.693300144047,67.7947537986285,41.500787132687314,84.79976955823378,99.090432372097,28.67312675834599,69.16933004423778,64.10964619671378,38.62851811453644,24.035301888750464,50.31774674648674,33.24139725907486,68.22380650361492,87.72864948594334,71.27860705139189,33.152502610311224,21.25345387459744,6.130381135702936,3.2474970143374566E-4,7.88770185821915,11.302286924256476,0.0168096523688484,0.003964173369476487,2.1438763372035794,0.6105717928496325,0.07641987161295012,14.71547067612085,1.6743267796787795,3.1544850441550043,06,06,Colima,1984,"{""type"":""MultiPoint"",""coordinates"":[]}"
00000000000000000006,2.6987255404453925,12.994323367192333,20.41499724823991,11.020174682237093,1.958646590483947,1.7418128493656904,15.164450664628639,9.921515159481308,3.2443938479338628,7.237570733314695,1.8243055542909044,9.008564395296478,5.796125765768509,6.724362258064834,8.462640407775714,1.3425544257630704,0.8097136621981242,3.3187047882282146,88.33660719627676,62.890989501253,62.96476945930361,85.82234983366521,78.89964151495943,107.02960617222953,46.86415838262532,47.09956528108902,109.21028050642688,76.943095539887,54.82794539371572,105.70211426142399,106.28822668283112,25.26601835154807,91.4711903175421,73.37616908528219,90.52759713861425,122.42296152721804,144.88739244470563,106.46006704979064,99.09932342816484,54.611228806828386,3.0810952399983247,13.315547785618094,24.893568596118744,57.74138334192157,11.023527188785954,1.2344882527409233,28.464033284615557,6.746587573022295,20.565517039384154,4.156603245574253,7.093594332457149,20.28319372120611,07,07,Chiapas,1984,"{""type"":""MultiPoint"",""coordinates"":[]}"
00000000000000000007,8.580393197539678,1.6684688716975604,0.08031500750675205,1.4884510496319219,15.400273634059987,0.46224513143308665,0.15903966345907838,0.56518348046658,0.09870038804096551,0.05651389323764803,0.7520318593380548,2.208819984983383,2.4659606161505745,0.8399551632528814,0.07376507439876022,2.601383383244689,0.36651926799457774,0.22463253569427233,3.7709746507395177,6.317113793869698,2.747862344929943,15.895152889062,7.354766546409031,21.49349902842379,33.64296049068373,35.96973045983203,18.062506376428658,14.09548784851159,23.093375218786086,29.572698652184762,20.607996386180602,61.553839625573325,22.620098105942514,24.582621180943796,8.835728537370244,7.464920390353692,8.466387170187707,1.2936323374923513,33.456896562121145,23.72858666830008,6.563768272890149,1.6543025541889278,16.866197581618977,0.02349178375883922,1.5705450767544157E-4,3.2543498417254586,9.57933670762717,0.30200271411531915,1.4504710379430579,28.361511130575998,3.1555787381567066,18.377286464814212,08,08,Chihuahua,1984,"{""type"":""MultiPoint"",""coordinates"":[]}"
00000000000000000008,6.0011043064933824,5.516818039574655,0.0,0.0,4.903460271018932,2.352583217409537,0.7241286067770278,0.0,0.0,3.0786927654009424,1.0942403551163764,1.4320926750966851,0.11619422890810627,2.7981862023308843,3.176456873621654,2.907385351113555,0.5384642416406377,14.132409215119178,6.721082721115032,28.940477373256073,11.080849609194289,9.462496817986363,53.71317309379795,34.452229576180784,47.39176187159671,19.363749917642114,59.96913445923103,80.24212553749238,54.42233915612427,62.30567445671572,31.013407325759207,33.72252030377355,57.421212786567224,43.8534375518961,49.09043644122725,143.49837409123813,77.12163900713318,7.232952061667126,6.7053040767129515,35.049735317129674,10.885201101562503,19.414329325165458,28.248769842725803,0.0,0.0,0.06277484124330553,7.424212270751046,4.430077212400424,7.822759133387891,0.5287151020703367,0.0,3.6343471193116854,09,09,Ciudad de M�xico,1984,"{""type"":""MultiPoint"",""coordinates"":[]}"
00000000000000000009,17.91732723575849,1.546094784449811,1.789370182011143,1.3458453424733852,27.827085063185297,1.1151841628053394,0.5656871009997282,1.3959458979309722,0.1328565811932891,0.44696748935925296,0.6330542874169326,2.3519891661568706,1.3344708294391592,0.9101448626424636,0.7133035588600147,1.5226000263705548,0.3146789765435124,1.3659058161111137,6.086043278365998,6.346204897828288,1.1683662015568423,13.937352827082151,8.105895987437947,51.414149696553785,42.45491902268136,52.12007821813861,37.46459106017061,48.7885401920694,47.35222385222319,45.47316099086924,17.595801846965962,42.04709378575405,42.48750857314669,22.33483779377288,11.01084930740247,21.02187893603687,12.367710599277233,9.454551541982756,24.780304848861334,23.332217638799076,8.418885774235099,0.3748194536822256,2.980625211445047,0.10759815273604292,8.794151442059137E-6,0.13887703516376126,17.149032410104844,0.011284624925275781,1.849372109281161,23.429752636190162,3.3599639941547292,14.118336173574649,10,10,Durango,1984,"{""type"":""MultiPoint"",""coordinates"":[]}"
0000000000000000000a,13.80733299166679,0.8690768506547641,3.3934128786448507,0.0,1.1062539745939273,1.2899312055526053,1.5321448731834557,3.68932050921346,0.6018433526038669,2.3830753996165814,0.17182730504176805,0.4345895351110043,1.957995634506547,1.0481061786754142,0.769834170780577,1.1525233322048674,0.43015296562460387,2.2369522998120295,13.05940350124447,12.754297118698988,4.8000114205061575,3.993184295050392,28.733607792074906,26.90083652375327,17.54342756207201,33.8272938340201,55.63986592305667,78.4274255979093,29.90911693520128,30.42033471034577,7.498309217241399,60.92242231744216,17.91388484388295,9.862850777565741,14.490805530672327,28.849144832444058,27.712678856077975,19.597011907108598,2.9778913394258333,10.641088760637178,2.5129477769855297,0.6490601805116538,24.44961379111826,2.6393352817419666,0.021657330435303806,0.24546895357360976,4.351222492579801,0.8530728943222073,0.2952848293490147,2.5109452820159706,0.16631920726811514,5.0964889132127205,11,11,Guanajuato,1984,"{""type"":""MultiPoint"",""coordinates"":[]}"
0000000000000000000b,9.251313080598784,4.455926253091382,0.05820296631421753,0.5694173092006664,1.4539357441875695,0.2972488889538598,1.0140784151944706,0.15109219519067735,0.2351874997896515,0.5900544240414185,0.2836068425475888,0.6771703533977179,0.6961733951521996,0.2691797021723846,0.05333333413322047,2.116389614047965,0.1618016022848042,1.7503266794788865,11.50727750519903,3.427541091825682,11.594420338729602,39.3859984189693,57.67129256141806,73.3809027446531,73.84100556327844,40.736057351149825,93.9614767582128,115.0739716101218,35.914504269429884,68.11800265945509,81.64157314829787,43.723987907599316,45.89208082926675,69.99849829056379,74.4650909562403,87.14901823534998,163.90978257261278,122.09361954989586,51.91761773787121,19.104833462933694,5.884262425794001,2.1004051066373184,22.64133320363021,11.452252772049828,1.1964445140481446,0.012177007170666524,2.144248818775632,3.5439742001981807,0.2270044845393911,2.9249244013025164,0.011563474688338439,0.4163485412879773,12,12,Guerrero,1984,"{""type"":""MultiPoint"",""coordinates"":[]}"
0000000000000000000c,5.212680178588673,2.8681848119325464,2.4660338691968415,0.7840276316055964,11.376920145343554,4.895936458668119,2.3124186122097385,3.9539878510315902,0.006679047712197013,2.0400272217692157,3.5951550158189387,3.3121670607367886,3.3738876934876627,2.7479129169843928,4.5648399073321215,3.6078582890310464,1.1629903005226039,14.910348633864272,13.501494029466466,46.44739147805242,20.547732493372894,11.28036919947771,37.190237294356095,25.636926928507208,34.633015430106234,32.51139145567491,53.010981982708515,94.97932676576903,17.116174799805094,25.186123598883057,19.904929829806026,40.81812109957905,12.879182110881878,16.326036387979173,29.484564754937207,128.36451870419347,87.79896222031786,18.482444859553713,26.99290007877727,6.061602468398638,0.4137231643666692,18.31561345908993,21.943825274677838,3.2547337925773654,2.2875868444198106,0.027237294495992655,16.124157986947445,3.0068218278922503,3.7761657368614387,7.862426730098064,0.9103666681994435,1.1739768262987522,13,13,Hidalgo,1984,"{""type"":""MultiPoint"",""coordinates"":[]}"
0000000000000000000d,11.103135671124605,1.5164684896023006,4.301214543940828,0.0,9.068057882227002,0.12985119848052806,0.8639564522256081,0.3557701861619464,0.22185610116293847,0.8268852815269014,1.5071930075602349,0.7097448437287854,1.5444363574701605,0.7117946716413862,0.29680399552377246,0.9573538265749105,0.4963039213599418,1.5040989960866513,5.305928254276649,6.000780596645175,4.273517414132428,13.323863528417649,14.995432375458325,81.10283201293063,53.22724228881582,52.53917263384688,63.06806590302552,83.1169771707801,39.00225943871651,48.06434987537708,36.63747852644611,57.55330591945503,33.828256652092975,49.843178312112066,36.765185024308636,54.82656035395732,52.82582986190733,39.19751284167603,22.419082152872292,14.18255756923128,12.023140372766226,0.7721732658712872,12.413844281549215,8.289409238729263,0.0014094045458621792,0.04651751720330927,2.9869453117865863,0.796918567250333,0.17302996803274717,12.18482214088666,1.3009680033260338,3.1787240530888936,14,14,Jalisco,1984,"{""type"":""MultiPoint"",""coordinates"":[]}"
0000000000000000000e,6.593472043229989,2.62483484109422,0.4108615294177939,0.018409431304329697,2.887261812430142,0.6954762006034461,1.4542505539633703,0.6333203209849863,0.1344762828827361,1.8519215015853416,0.881397126318715,2.005707494104196,0.7070196907390298,2.445418292568785,1.598315347183164,3.09197319278724,0.06964097699895529,13.271103763274677,17.33767877299147,18.833695349693304,10.384557391710544,11.457477481986015,51.812214907392246,43.29988814428638,52.30679869809233,35.831117344686604,65.98753368154414,77.46020670101677,42.024316546735065,49.472488522561854,32.821638184676424,46.21632325814673,48.39360953805622,40.42302926680853,42.098766231135045,63.758833813255556,60.7547255489603,33.71646531406586,10.68815564870973,28.389848429627857,9.555425313382674,12.932580912602056,28.634798187871677,5.59801340301292,0.026460622991285786,0.17320383450355076,3.225245988540484,4.139458529144399,1.8709477577791935,2.264104620186484,0.0,1.931496260116306,15,15,M�xico,1984,"{""type"":""MultiPoint"",""coordinates"":[]}"
0000000000000000000f,13.505538964558435,1.3529045356117284,0.622338332958888,0.0038732824981065265,1.000254621471402,0.1647946038715738,1.8220677191882273,0.29252226820776606,0.06913744934162336,0.6497994219638464,0.6089532107885675,0.7693912273976724,0.8940824549146543,0.6371182722473393,0.5800920390303369,1.450554888046387,0.4201363736928661,2.0890163644265702,8.434959619134904,3.437143430448879,13.844660125798812,14.978790980712901,28.32858439972689,59.24035382345893,61.40991144371245,53.69388211633284,72.17442212211002,109.02429780872791,35.31232306568406,48.521608470372804,42.78636095202607,46.8321838551528,38.38350423928908,40.517568963287935,40.1313537486717,66.3026595525128,83.48028976399016,61.39649221078503,17.09724085315855,24.13172300095119,11.70808325314113,0.6484916541299992,12.327089538831952,11.269672653126774,0.030004421049086745,0.03916908693106399,2.395394497805361,1.4481784763492123,0.13019179880209591,5.209825290580342,0.3593537860729734,2.3745162251161442,16,16,Michoac�n de Ocampo,1984,"{""type"":""MultiPoint"",""coordinates"":[]}"
00000000000000000010,4.437353643053788,6.571524365500621,0.0,0.24916484804237352,0.3416950440896223,0.04515500072579931,1.2081726291123727,0.0,0.006342448214981215,2.3500107360698967,0.3685504735040526,0.1648630564513445,1.1794873805815176,0.8175693146811904,0.9308969592824363,3.36550872336245,0.1246515510033303,12.375399769508947,31.291381164349414,6.917520082043065,4.763828675233725,18.90218164263863,73.41530012309728,43.11512840763218,65.43927107245487,31.552792449761004,59.24578475551665,61.039206825211615,34.343448321977334,45.75626890494608,49.93919913405758,34.03991950300783,39.97158607995827,42.9336727428912,42.94899176744704,109.28127387519461,60.507009650938,25.086374151188256,6.311529324497994,10.973558634458758,4.008658767207978,10.268856083386108,26.499861605714162,0.150634615056326,0.499235347143716,0.0014730529169882504,3.574117125024545,1.1502781941883726,0.06699580126563828,1.7606934524529845,0.0,0.2436488216545576,17,17,Morelos,1984,"{""type"":""MultiPoint"",""coordinates"":[]}"
00000000000000000011,17.91455448228852,2.27140688875371,6.085472792925016,4.2769701721758624E-4,22.006511282186093,0.10532121162588957,1.2971201535416346,0.6416706953147971,0.18666898778372257,0.2200553281618243,0.3757258026445223,2.2034157352730825,1.1362457771011323,0.678718115669959,0.024928777200418067,1.2980037182741608,0.029584934079012873,0.17588885946886273,0.6560499289308874,0.9075940278535314,0.35354900764323577,4.5674204281090125,1.0260036914916209,75.86504736913636,56.30193159625612,67.92861947023927,89.25050261255605,103.36207364666704,27.30406053257549,64.51062070792626,74.27801043485775,84.82997082292579,59.31703377690103,86.56594614041732,54.60102016741104,52.049676618716184,64.72997649643018,47.12109810307348,31.11362548515307,14.63801193019003,7.022032726167754,0.015240719156660537,11.758176381267344,2.299248100572717,5.02511161266129E-4,0.007412787586474276,15.773072702479631,0.5108145999938365,0.4567563748327091,17.401911727218195,1.9218648654715322,16.43032355764415,18,18,Nayarit,1984,"{""type"":""MultiPoint"",""coordinates"":[]}"
00000000000000000012,27.013450859714315,0.5816523563761009,6.071273681398906,1.0295491018658298,29.930149382349157,0.5722935748380555,3.527620656887564,2.091539006463947,0.06406465443445299,1.2452048332840602,1.4866145269648718,0.5658063333285223,4.072271283748134,1.8693707858047266,0.5393334280840225,3.7373596054800804,3.9942403444248953,2.0792388354870615,10.02172218688724,49.81152138609116,3.6297964095457766,8.971045663139401,14.81588348845259,12.795491325702834,1.1474995823467842,11.848696962309463,7.465306885333897,19.835390633979205,8.700967290999994,20.52461233228613,4.78617736133121,5.509695687573682,20.5031935262799,5.034648006451621,12.25181926890748,44.59707397208498,25.046415036994972,5.847632691286886,6.408066030494527,0.4137255174462575,22.275692909062407,0.2312664202276714,15.658322309443065,1.1461141317524621,0.001724006181932901,2.985017802843767,10.087600520397247,0.0,4.953215742952188,2.3054608393701286,0.44656083340768876,2.283189708217645,19,19,Nuevo Le�n,1984,"{""type"":""MultiPoint"",""coordinates"":[]}"
00000000000000000013,5.51045770462315,7.008774037222707,3.5226923624114193,1.7985746712132584,2.040393990690378,1.3769720471283482,6.733426538171707,1.756563289799773,1.9188972539090658,1.3418081625931755,3.0573557163439373,6.152196765834096,0.7381436830352383,2.2337570191392477,2.397705439024099,4.447165803360244,0.757094096085139,10.94659897500853,40.634633533742665,16.000178917463263,20.844872220946137,79.15303304586965,60.41058011771707,74.81006549416908,66.52573221505908,53.74835191850813,88.95928237766493,94.48470244021668,32.676467351415425,63.27557084867177,81.8557987275543,36.41500786641583,49.161852152463105,64.8094604846971,54.15853424404645,111.2671531748879,137.42281490551582,52.8691646574509,45.60131197221224,15.287582595616842,1.6162991009766778,9.637830363935077,17.105404087890427,18.279632350472422,9.297754574957313,1.0638178842963428,8.903548314384489,8.351872531016182,8.95332085087621,6.450481035581804,3.2887536419073755,8.269142038440656,20,20,Oaxaca,1984,"{""type"":""MultiPoint"",""coordinates"":[]}"
00000000000000000014,3.2525972583053515,13.187843997307972,2.2319607967955335,1.2763328383717938,6.048564944157538,2.606703906341315,5.05047891412644,2.2961044175974292,0.0678372924017761,2.177308090947315,3.8949876099011624,3.1484774094365178,2.047286196507286,2.8688435183241183,2.623556810720262,6.237062900224244,0.29413098970140517,22.072353965632896,33.82009205552006,22.43086083402096,9.843273510994837,14.25536680434375,61.07565922286178,38.014269271566356,51.31442127777507,32.3690485105386,56.410209016586386,89.52569654253048,25.51965128334825,32.16230992920398,45.63796641138324,32.25794773708743,31.350729375677314,34.58177521042335,34.21569179790212,137.06722865156132,84.00500602363259,51.11735084084833,16.147748258861938,4.237397865951023,1.1982387275650872,15.58760346119617,18.841693692979067,3.59307658407301,4.555620315803209,0.45553981014717154,9.152572891043288,7.093475517692478,6.289496928746761,4.825936096918352,0.38072419681063113,1.599022457431107,21,21,Puebla,1984,"{""type"":""MultiPoint"",""coordinates"":[]}"
00000000000000000015,9.538661575801202,0.8662839244251442,1.3141702675523352,0.0,4.734048720786621,4.177451242543294,1.0854410329878534,2.2207576147270607,0.0,3.133969975597772,0.3389228567447202,0.8454811654966596,3.5545426823525306,1.8011177242162204,2.544353700635651,2.137941385685157,0.4250192752015553,1.2695532638473592,14.340826977228334,32.496231645163974,19.240492233582877,0.1070539119318844,36.65385049120806,24.457704936260587,18.094395846096507,24.52443196289596,51.28738420047514,81.42870904407265,22.255479123298965,31.950987341925,10.196799519809426,51.773189283421786,15.702367661647495,5.3876686269519185,9.254702945515149,32.89269035702172,70.34970340041971,25.08526096713135,24.493084050464056,11.894674209187484,0.1757219486883506,4.6982471909518155,22.358891700284858,3.617739712030248,1.1498640876164923,0.02429544412266686,5.703698684380481,1.1723035823851327,0.5960110832275547,2.399333707595808,0.032630960267540594,3.9245268241313305,22,22,Quer�taro,1984,"{""type"":""MultiPoint"",""coordinates"":[]}"
00000000000000000016,0.4151017732479355,6.209767911816344,41.893734497205244,3.4312388682776302,12.429932310954722,21.197264886702584,8.793288524699234,10.908660447562593,9.08667821872168,9.955034755988795,0.2442693779816724,34.62689059545569,2.2804175428400626,1.570308439337065,17.70242082678701,0.9932042693980571,0.9450282163500732,2.829022778912314,65.70133465115879,42.43976273784953,52.79361344734771,125.88594088458855,75.73989062827751,82.39879125223479,10.691721437475719,0.667583252709193,51.13375780795509,40.12921549046116,28.873239179834627,104.91988524160735,79.8487413614664,18.82641661736173,39.91419076688518,58.66488536247152,104.45772393058371,37.16427975425358,47.40316101899434,44.43677837905214,61.28316396225934,29.03069853968952,16.548854680758936,0.08919440845975417,18.760398037910946,34.835927258076616,2.087800166841706,0.06438515515344134,67.01131764577522,0.41854537946565823,0.2192414839409539,0.5985552377016163,8.501948762967581,58.20067260390347,23,23,Quintana Roo,1984,"{""type"":""MultiPoint"",""coordinates"":[]}"
00000000000000000017,20.464073633473536,0.7867075496224908,6.5853001206388395,0.10238198353418185,9.566499633300513,2.187993375090385,2.114484814329366,4.8620697614446176,0.05737499689611208,2.038440676894951,0.7998899315503293,1.2820013256419824,2.215216260627858,1.0389473068963795,1.728264603535271,1.001082841036687,2.238706787457364,2.6368397090643176,15.156468028332768,36.70429422219626,14.916468044600784,6.225957868411737,25.49870610334391,18.97349916871446,8.396460680105005,19.48242966372427,24.721729785418894,94.86703048627663,15.178235894781452,18.05511633860009,12.749694638059264,32.37905145783942,9.90655557572489,7.759735701566032,7.4182201007458595,53.83031528228108,49.108516761210915,29.641071703924307,26.846861827843263,1.7408123734546044,5.937318355155814,0.08994435914276687,23.506190163344414,6.148951916318075,0.3851853576070444,0.24030299530115357,7.510916801695827,0.22088144640340507,2.1516259053850666,4.692606874870636,1.5021200934771777,7.352506416181907,24,24,San Luis Potos�,1984,"{""type"":""MultiPoint"",""coordinates"":[]}"
00000000000000000018,20.694868208163328,3.3396580299873087,2.977990705897269,3.1578696741701147,15.123486308590465,0.33594151221043866,0.09515829142082922,1.5142085551425315,0.17367980409564474,0.10255103449827424,0.22099435030133857,1.9282157251785077,2.0888425427102373,0.12068357558534118,0.0025815337153798504,0.29362770197398175,0.15820121967442574,0.24675547684939672,0.4091622991399479,1.0669269382211135,0.03406166059142988,4.4533140399251545,1.1124926637014287,9.341192915855384,53.23160800954422,63.7950253927971,68.97856024351859,72.49069816891175,40.29478647080764,45.989253153882075,39.65861735998908,73.13392118498453,35.095684438049766,50.295131611709344,27.273378110519904,26.77299021322539,35.230019662354266,10.170019948363604,27.91865222871554,40.58653834059328,1.481938321741604,0.7073672375105773,1.5136657757114624,0.09479787085111657,0.0070429962796877184,0.5653590981153933,19.21297921372634,0.07903775224721969,1.757185779498253,43.43451609408587,3.054482249581476,33.748635122448555,25,25,Sinaloa,1984,"{""type"":""MultiPoint"",""coordinates"":[]}"
00000000000000000019,18.033666291069395,4.240625824127342,0.01562057651408611,0.48710709516504364,13.606274493855734,0.5641290438377361,0.09427265624855713,0.34400723562497476,0.07949979744475313,0.014855884755412078,0.5030855143543139,3.4919830072954166,1.4185484715426209,1.599790508687241,0.015426674216522966,2.557743849677007,0.1997327519846806,0.03398053587357737,1.1461557840138177,1.9130621659858769,0.007289522662549065,2.3079901970415073,1.3359636834589381,9.179984107261966E-4,7.578641009596869,25.222500293136243,31.73151665125693,34.976749715641894,46.877962610822195,18.441535032492553,15.586687336142349,49.37008444347088,34.34635097630134,18.26036325160247,19.414450547608727,4.237483636634646,16.99075016911993,2.2599440932430874,6.712854010944177,18.02701509858004,1.6336504245833585,1.1221476682272737,10.18702510172315,0.0,0.002566739095879285,5.6545852456240855,9.866950424181372,0.5975369960706575,5.456574738530267,41.2888235437823,9.623027635490898,30.814544092292074,26,26,Sonora,1984,"{""type"":""MultiPoint"",""coordinates"":[]}"
0000000000000000001a,1.2104045833313721,25.83201116918702,61.62541901076686,20.25880117400396,7.442470597274729,2.832006700403242,38.58195599517155,13.52176717610735,7.271212811387435,4.173870894566001,1.8432587278546146,17.15599949045444,4.728953158434441,9.587876694559917,4.030674535992064,0.24940022960335884,0.020974772761389763,0.3143656730235235,91.05887875148282,66.89057134204073,67.91710393215494,131.2831289481892,77.21613378775426,89.61913212924789,44.37923212394695,11.26429461891366,75.37692690450972,60.21358332097936,22.531840219376466,82.96283280572943,70.89358159768584,13.07474787532444,52.04472992558068,57.60531220853133,66.101993511578,85.92312034202253,126.23610677113933,96.92778493944377,85.29445714497773,66.88532190038818,5.890269147055745,0.1538507156812446,4.987583965666002,70.53490226423219,37.63794755393231,0.8383413122785816,53.83944651549971,25.21802689402629,24.29686292070175,3.953678849944358,10.339184010782244,53.54587830859706,27,27,Tabasco,1984,"{""type"":""MultiPoint"",""coordinates"":[]}"
0000000000000000001b,30.421560227458336,0.5927099784730964,15.758298123220964,4.611184272227013,19.310868649788805,1.1465666041012574,2.5127993949677045,3.755153136187819,0.12112372995084275,1.6930931963132403,1.1415446052868798,1.487560378821912,3.765661162174103,1.5170690407398384,0.696634420573294,1.7729230063034433,2.113901202164135,2.417890804050291,25.30114973923283,52.30586149903292,10.0871020345641,11.330295846202702,29.71934630460031,32.889146419805584,18.899635642580368,18.915410290197393,19.851186975025648,54.95348768736308,5.380980929025338,19.015137223467704,16.546386717154252,17.9861204800649,10.258369498174968,14.363029401977814,20.065610002972814,99.96205587165731,58.04234166922789,26.96630296162272,15.925906686051437,0.23313029273109392,10.933895905183354,0.5408778565219675,25.643843464277086,6.556254411013865,1.624618022223275,1.2578769056711385,14.912625433013597,0.0664605432814023,9.80627693758798,3.2740130948267714,0.13404917636397742,8.328602746046034,28,28,Tamaulipas,1984,"{""type"":""MultiPoint"",""coordinates"":[]}"
0000000000000000001c,2.0411002588944283,8.521849973113861,0.9494645910548266,0.1605428907101374,5.137272851466591,1.5930959266888856,4.323791860088397,0.00942098819533245,0.0,2.425608203705453,4.008176186274974,2.3140859801860976,2.471832538682461,2.0605375262009433,1.3626960111105233,7.142782945677023,0.13433866237698736,41.333035456298816,30.783750668384105,4.586358685877728,0.7583630997600412,3.9251894097175266,62.75309642170707,24.38594932141691,39.58287907713505,32.18610407454065,46.72335000983007,51.692683210071976,26.393162633445147,21.342374361775104,24.299776678310668,31.25581613547346,42.2828882634878,22.39220695517513,29.791035090491828,104.14187505857248,44.75068308422388,22.744117151560175,1.665655954408532,12.973291650181457,3.142671098993218,29.07294266246495,14.605738947291103,1.1298271468915488,0.12870510742144836,0.1341979086378669,3.5706002496309646,6.4803757447587405,5.1202248659067005,3.0104677711715864,0.0,0.87970582627363,29,29,Tlaxcala,1984,"{""type"":""MultiPoint"",""coordinates"":[]}"
0000000000000000001d,5.249310954733845,12.339532548392274,15.170191969412807,8.04521779505387,9.014429380880078,7.744781950845827,13.567271860138575,8.713648362741145,1.6163298286633918,3.5738084760620863,3.3993417738502503,9.71118489503391,2.32977361379488,2.0432042106984873,5.914462200304761,2.4930375826942806,0.9955939815027083,7.55616308779449,46.63417654947148,36.59632737948387,35.37557938504691,70.22301628686182,65.00539311639743,91.15312105577306,54.166312118986816,30.479627284793285,82.28547344756606,137.42423244231733,22.6041170867088,69.77502494021937,78.62377088757331,41.086842106485825,40.99942392926437,88.4152218194399,52.3697231362569,221.37311178494966,210.94885462671874,43.29465156902819,70.66434851664819,10.419980321505097,0.9823090095999154,6.916822071511093,44.94582331188654,39.49423350152428,25.686835812798144,1.8842915362979447,18.632157996296744,19.276794792485028,23.21011045311279,12.081308783070986,6.273750722828287,45.54233562807612,30,30,Veracruz de Ignacio de la Llave,1984,"{""type"":""MultiPoint"",""coordinates"":[]}"
0000000000000000001e,0.01496358837080173,2.937662366256466,15.444056876677967,6.959387145563569,10.438162549251063,14.431226534947154,3.3212443381120487,8.111220209708762,1.9625998534505207,10.04600659389024,1.850353145683235,28.612536871350915,1.5566028753914152,0.712348208604749,12.03751252159924,2.3586650967545126,1.0258622318797312,0.7303249934471956,52.62770058874685,72.77570724181419,48.22051648501223,65.60429452677666,50.28899546890712,53.65479508121475,16.915356713637124,6.3201064095742145,33.24771696468166,29.65855932505976,24.67253988169807,89.21686791751658,68.24932363710647,18.359156694616924,31.158989692361292,40.72165201206287,79.73242537845927,34.422594514277506,49.376252543212146,61.965057706763254,19.904104830537836,8.521711757883319,6.53052814658978,0.012289647346478362,20.948782090284592,6.937534581317474,3.9219385295932886E-4,0.34855679310340987,48.70279539559699,0.48887131234972914,1.2792204164023002,0.38062524844081236,0.5472579677572951,23.58442169286673,31,31,Yucat�n,1984,"{""type"":""MultiPoint"",""coordinates"":[]}"
0000000000000000001f,14.233134739556235,0.7273544141923738,7.690794848419395,0.04398163561713081,10.335484985458061,0.07801799881344858,2.009695297308991,1.897553142139719,0.14487813460563734,1.6186235256608081,0.562415205141108,1.2214159907023974,0.7444790925285425,0.871169224869612,0.22824577893072037,2.018836641098925,1.8119587338443364,3.1775122877231685,6.661821254826885,10.226619568400606,1.3805657773582114,4.249597990275847,13.697703406531815,41.223540894311554,16.14396177611628,27.532204871128165,25.73393963651126,54.44565781489531,30.373791927101554,22.68207512413498,8.686931368815326,38.953276264670734,29.04803342363357,8.936123775709213,8.340750099351967,13.913707494907433,13.3507107753138,10.222460310955755,8.851770948241816,4.1463564297381295,13.214972306378048,0.0015965851735269497,10.446303848174834,0.6836063241063401,4.6208673052262005E-4,0.40446120397758073,7.091535989641457,0.21233006486399975,0.4461845005641943,3.77375377838106,1.5244918121409095,5.547766950710732,32,32,Zacatecas,1984,"{""type"":""MultiPoint"",""coordinates"":[]}"
