nombre_estado,cve_ent,n_week,normal_pr_mm
Aguascalientes,01,01,1.962879475560997
Aguascalientes,01,02,4.3983879549884355
Aguascalientes,01,03,5.292039047033842
Aguascalientes,01,04,3.2052747303788345
Aguascalientes,01,05,4.135632764411718
Aguascalientes,01,06,1.2074205894259427
Aguascalientes,01,07,1.7214711405677559
Aguascalientes,01,08,0.9636555497470572
Aguascalientes,01,09,2.1755328021016926
Aguascalientes,01,10,0.9323999116379212
Aguascalientes,01,11,0.5533636635097887
Aguascalientes,01,12,0.8154145631875142
Aguascalientes,01,13,1.1352789137169044
Aguascalientes,01,14,1.263510147198218
Aguascalientes,01,15,1.4295130231319269
Aguascalientes,01,16,1.8025407496473347
Aguascalientes,01,17,1.6833031437524006
Aguascalientes,01,18,1.3682197847128656
Aguascalientes,01,19,2.967337913444621
Aguascalientes,01,20,3.7217435611304275
Aguascalientes,01,21,7.954222242974526
Aguascalientes,01,22,7.432618701630467
Aguascalientes,01,23,13.946111369045884
Aguascalientes,01,24,26.302184848655465
Aguascalientes,01,25,24.244963151656847
Aguascalientes,01,26,27.35781967982159
Aguascalientes,01,27,33.173155875310044
Aguascalientes,01,28,30.271451057801983
Aguascalientes,01,29,25.343660487839408
Aguascalientes,01,30,24.90295056486286
Aguascalientes,01,31,27.486167863705777
Aguascalientes,01,32,26.99573207056116
Aguascalientes,01,33,24.40774465386146
Aguascalientes,01,34,26.173089718892946
Aguascalientes,01,35,24.174723360265524
Aguascalientes,01,36,27.828878467638116
Aguascalientes,01,37,20.771737874404586
Aguascalientes,01,38,19.227801202798307
Aguascalientes,01,39,10.855888574630798
Aguascalientes,01,40,10.388764330061907
Aguascalientes,01,41,14.50205241437597
Aguascalientes,01,42,5.541652691740854
Aguascalientes,01,43,5.0525461172896176
Aguascalientes,01,44,3.001029484938786
Aguascalientes,01,45,2.086362006512506
Aguascalientes,01,46,3.333585619717373
Aguascalientes,01,47,2.449185123024084
Aguascalientes,01,48,1.7850385758113363
Aguascalientes,01,49,1.8111919571832342
Aguascalientes,01,50,1.7828647964259494
Aguascalientes,01,51,2.4030993188112983
Aguascalientes,01,52,2.588915743934236
Baja California,02,01,6.566747652263474
Baja California,02,02,4.98870626431509
Baja California,02,03,3.3386526113942394
Baja California,02,04,5.6200110516904935
Baja California,02,05,6.1985755179350175
Baja California,02,06,7.599981855758187
Baja California,02,07,7.940155325594935
Baja California,02,08,5.63116128079451
Baja California,02,09,7.074605805210888
Baja California,02,10,7.911599174712743
Baja California,02,11,5.275488928275887
Baja California,02,12,3.3113172426012207
Baja California,02,13,3.092261235868912
Baja California,02,14,2.0831082308423055
Baja California,02,15,1.6335296234700445
Baja California,02,16,1.6520361646187047
Baja California,02,17,0.7267363678770052
Baja California,02,18,0.357164009354117
Baja California,02,19,0.1540522061715543
Baja California,02,20,0.154317829151913
Baja California,02,21,0.20756951070278684
Baja California,02,22,0.10775371751511588
Baja California,02,23,0.01813985432207352
Baja California,02,24,0.0027835167583680535
Baja California,02,25,0.01808816788879732
Baja California,02,26,0.12019246233556223
Baja California,02,27,0.5024292400653555
Baja California,02,28,0.8054746858633093
Baja California,02,29,0.8669947503080664
Baja California,02,30,1.2933045533182697
Baja California,02,31,1.1175228179393546
Baja California,02,32,1.7093208740856927
Baja California,02,33,2.3877235937531234
Baja California,02,34,1.5195730322315988
Baja California,02,35,1.6072736886941021
Baja California,02,36,2.750112518285999
Baja California,02,37,1.6554546947893873
Baja California,02,38,1.9067691464309404
Baja California,02,39,1.8608047398109975
Baja California,02,40,1.0709254210283814
Baja California,02,41,1.2466627230740643
Baja California,02,42,1.060953237758659
Baja California,02,43,2.139801825210791
Baja California,02,44,2.428691514311075
Baja California,02,45,1.3818802338753948
Baja California,02,46,3.0418870269558935
Baja California,02,47,2.7793693287886474
Baja California,02,48,5.34360688350609
Baja California,02,49,6.561722490485073
Baja California,02,50,4.536596855293436
Baja California,02,51,5.3131560817536565
Baja California,02,52,4.573842214437623
Baja California Sur,03,01,4.391941542826287
Baja California Sur,03,02,2.3166922271788577
Baja California Sur,03,03,3.429333671941457
Baja California Sur,03,04,3.1796353078452926
Baja California Sur,03,05,2.9428986818064726
Baja California Sur,03,06,2.024486200060735
Baja California Sur,03,07,1.7034003064075087
Baja California Sur,03,08,1.3130666830349418
Baja California Sur,03,09,1.4096405143817727
Baja California Sur,03,10,0.9174692167415467
Baja California Sur,03,11,0.550098637876446
Baja California Sur,03,12,0.575722662703738
Baja California Sur,03,13,0.4914972835168392
Baja California Sur,03,14,0.17284136574228973
Baja California Sur,03,15,0.096412593652908593
Baja California Sur,03,16,0.08473532812646548
Baja California Sur,03,17,0.06014091025960457
Baja California Sur,03,18,0.06385499379814374
Baja California Sur,03,19,0.02785011800741592
Baja California Sur,03,20,0.03909997666859778
Baja California Sur,03,21,0.042642210570471635
Baja California Sur,03,22,0.019277955638485035
Baja California Sur,03,23,0.0023540458814269856
Baja California Sur,03,24,0.004522318895557272
Baja California Sur,03,25,0.036740849935068744
Baja California Sur,03,26,0.16838796857640415
Baja California Sur,03,27,1.1961661688821459
Baja California Sur,03,28,2.0004313892040075
Baja California Sur,03,29,3.0776548263878154
Baja California Sur,03,30,4.392850285734316
Baja California Sur,03,31,4.187997854209725
Baja California Sur,03,32,9.510773387770499
Baja California Sur,03,33,6.550068785590183
Baja California Sur,03,34,7.537776429360801
Baja California Sur,03,35,12.278327579926728
Baja California Sur,03,36,14.669434242938586
Baja California Sur,03,37,8.355823115726146
Baja California Sur,03,38,7.119639003212016
Baja California Sur,03,39,8.119472266749897
Baja California Sur,03,40,4.117454231787257
Baja California Sur,03,41,2.796238435249376
Baja California Sur,03,42,0.8162172402863201
Baja California Sur,03,43,2.338736679404352
Baja California Sur,03,44,2.2574165339320467
Baja California Sur,03,45,1.00504063640596
Baja California Sur,03,46,1.160799615765283
Baja California Sur,03,47,0.9937697829982655
Baja California Sur,03,48,2.9775002485985924
Baja California Sur,03,49,4.600831404940737
Baja California Sur,03,50,3.7416563975582084
Baja California Sur,03,51,3.120200438088462
Baja California Sur,03,52,3.6454666683157435
Campeche,04,01,14.446529466133631
Campeche,04,02,5.718242178943902
Campeche,04,03,8.548062799897123
Campeche,04,04,10.898806058918364
Campeche,04,05,7.572880555213617
Campeche,04,06,9.415215145034283
Campeche,04,07,10.008996285547772
Campeche,04,08,8.93633405475039
Campeche,04,09,3.4122064433100214
Campeche,04,10,6.333446652837941
Campeche,04,11,4.009900121499897
Campeche,04,12,7.513339755943054
Campeche,04,13,7.265484217064818
Campeche,04,14,5.326007433097352
Campeche,04,15,7.4667025338261155
Campeche,04,16,5.916057838737729
Campeche,04,17,9.633331571628442
Campeche,04,18,10.696254304502899
Campeche,04,19,15.590941325172441
Campeche,04,20,21.056899236015017
Campeche,04,21,27.55657484661613
Campeche,04,22,39.699043018605764
Campeche,04,23,38.384088228835715
Campeche,04,24,50.712898777646146
Campeche,04,25,42.01265930707016
Campeche,04,26,43.6099389705146
Campeche,04,27,36.53164759633815
Campeche,04,28,36.340757786078974
Campeche,04,29,38.07089377323266
Campeche,04,30,39.131653788019314
Campeche,04,31,41.42583333249473
Campeche,04,32,44.3756125642949
Campeche,04,33,41.74214816539184
Campeche,04,34,51.31239140086819
Campeche,04,35,55.44709289971099
Campeche,04,36,49.68715872457485
Campeche,04,37,60.99631166215659
Campeche,04,38,50.49028759011991
Campeche,04,39,62.012988594870116
Campeche,04,40,56.6213313430065
Campeche,04,41,42.5559320540491
Campeche,04,42,32.72085518378533
Campeche,04,43,27.806147669500568
Campeche,04,44,26.99828844608844
Campeche,04,45,24.232002098141827
Campeche,04,46,14.216106973642479
Campeche,04,47,15.181330732608115
Campeche,04,48,16.232275062371983
Campeche,04,49,11.627595856766177
Campeche,04,50,9.017896367096817
Campeche,04,51,10.851754356036006
Campeche,04,52,10.337454934361814
Coahuila,05,01,2.6607701544985165
Coahuila,05,02,3.8465298711678013
Coahuila,05,03,3.7899205643469127
Coahuila,05,04,3.0718379817750896
Coahuila,05,05,3.794753677779207
Coahuila,05,06,2.225940952839488
Coahuila,05,07,2.394544540361547
Coahuila,05,08,2.696389283869152
Coahuila,05,09,2.70394452936372
Coahuila,05,10,1.5344665567246918
Coahuila,05,11,2.3766458110903326
Coahuila,05,12,1.6943843884899392
Coahuila,05,13,2.4235812774671563
Coahuila,05,14,3.241817768571743
Coahuila,05,15,4.292843750916572
Coahuila,05,16,5.140162521332349
Coahuila,05,17,5.4103901773340715
Coahuila,05,18,5.932192040640546
Coahuila,05,19,7.598435176193524
Coahuila,05,20,11.079097602819056
Coahuila,05,21,10.136383575131848
Coahuila,05,22,9.51276735420857
Coahuila,05,23,11.758085531259061
Coahuila,05,24,14.320994745167487
Coahuila,05,25,8.880308876001813
Coahuila,05,26,11.53807006757256
Coahuila,05,27,12.258816320928146
Coahuila,05,28,11.193128864820249
Coahuila,05,29,10.159984945606125
Coahuila,05,30,12.137449363341524
Coahuila,05,31,13.093414442478004
Coahuila,05,32,9.787394913302082
Coahuila,05,33,10.854112170814659
Coahuila,05,34,12.686798779111156
Coahuila,05,35,14.073246896809822
Coahuila,05,36,14.416330272077973
Coahuila,05,37,20.044884728801705
Coahuila,05,38,12.676229281809466
Coahuila,05,39,7.829247116245067
Coahuila,05,40,5.635088330216726
Coahuila,05,41,10.67531764451175
Coahuila,05,42,5.287277453814178
Coahuila,05,43,6.5077166178640375
Coahuila,05,44,4.193154704571218
Coahuila,05,45,1.3612268564017944
Coahuila,05,46,3.4111614261132557
Coahuila,05,47,3.139957823401309
Coahuila,05,48,3.7717248578079676
Coahuila,05,49,2.9960418644265787
Coahuila,05,50,3.222554279791208
Coahuila,05,51,2.7772413316486455
Coahuila,05,52,2.5982058028281307
Colima,06,01,3.206473336851302
Colima,06,02,3.9532155644102374
Colima,06,03,5.349039502194672
Colima,06,04,2.893676865121379
Colima,06,05,2.604884833909169
Colima,06,06,0.5435214825933693
Colima,06,07,0.6538575772732268
Colima,06,08,0.2512424379733376
Colima,06,09,0.9679734246029927
Colima,06,10,0.8505869865485745
Colima,06,11,0.4228019750494739
Colima,06,12,0.6181146206978712
Colima,06,13,0.8362288670768545
Colima,06,14,0.528614079697746
Colima,06,15,0.5883280759471402
Colima,06,16,0.673566451692561
Colima,06,17,0.7583893986641279
Colima,06,18,0.4398914603124016
Colima,06,19,0.840272676424603
Colima,06,20,0.766762400937578
Colima,06,21,5.349103075355574
Colima,06,22,6.426015990903642
Colima,06,23,9.366088265270518
Colima,06,24,25.52261350261185
Colima,06,25,41.119387533748345
Colima,06,26,38.72557226774385
Colima,06,27,44.15938568618112
Colima,06,28,43.66871651103608
Colima,06,29,42.82565099053725
Colima,06,30,44.30810008485157
Colima,06,31,42.26670421245571
Colima,06,32,42.143648574501874
Colima,06,33,41.795758258815056
Colima,06,34,46.58043698530372
Colima,06,35,61.75590424140201
Colima,06,36,51.022044442532774
Colima,06,37,52.16233476794762
Colima,06,38,53.01451348583123
Colima,06,39,38.752472837559786
Colima,06,40,38.94772838898458
Colima,06,41,30.28269306833597
Colima,06,42,15.26045743376822
Colima,06,43,18.38551522110525
Colima,06,44,5.562389218271987
Colima,06,45,3.304122501736397
Colima,06,46,4.384923873121909
Colima,06,47,3.1870664762983885
Colima,06,48,1.4533155772326085
Colima,06,49,3.2142489495295705
Colima,06,50,2.031778772828091
Colima,06,51,2.744400344421449
Colima,06,52,2.829596718467183
Chiapas,07,01,12.909065278221696
Chiapas,07,02,9.719652143373503
Chiapas,07,03,9.406737897764346
Chiapas,07,04,11.379108984025441
Chiapas,07,05,10.9102127150308
Chiapas,07,06,8.741980925026823
Chiapas,07,07,9.10764741387186
Chiapas,07,08,10.069785470828561
Chiapas,07,09,5.597251767589811
Chiapas,07,10,8.007218102291477
Chiapas,07,11,4.920414648688274
Chiapas,07,12,7.640598925525979
Chiapas,07,13,10.160367122163219
Chiapas,07,14,7.880806522726922
Chiapas,07,15,9.705685115325887
Chiapas,07,16,8.608205900401757
Chiapas,07,17,17.91106846064205
Chiapas,07,18,23.005508140794046
Chiapas,07,19,27.556410164376405
Chiapas,07,20,32.18336999856002
Chiapas,07,21,44.261946931720836
Chiapas,07,22,61.29248867122954
Chiapas,07,23,71.00942566342856
Chiapas,07,24,80.2122745155795
Chiapas,07,25,73.61767015920182
Chiapas,07,26,73.77919887438283
Chiapas,07,27,66.192068560719
Chiapas,07,28,64.2123921098246
Chiapas,07,29,57.980284120881684
Chiapas,07,30,58.31750506714778
Chiapas,07,31,64.93420899237155
Chiapas,07,32,64.78145505482681
Chiapas,07,33,71.84709578378693
Chiapas,07,34,73.15709342235668
Chiapas,07,35,88.12810810443766
Chiapas,07,36,84.045227437221385
Chiapas,07,37,89.1536669417359
Chiapas,07,38,82.65415966206453
Chiapas,07,39,95.6938835820796
Chiapas,07,40,84.31925571469839
Chiapas,07,41,56.40047142729851
Chiapas,07,42,43.503588790619645
Chiapas,07,43,38.61248720331334
Chiapas,07,44,31.749109752359903
Chiapas,07,45,30.849615094921216
Chiapas,07,46,19.616792509987626
Chiapas,07,47,13.521253693377119
Chiapas,07,48,17.18581746367201
Chiapas,07,49,15.319798606700791
Chiapas,07,50,8.890461192507955
Chiapas,07,51,13.54932106356529
Chiapas,07,52,11.504436029934396
Chihuahua,08,01,3.9723047520750305
Chihuahua,08,02,4.054590220384947
Chihuahua,08,03,5.7306309918934675
Chihuahua,08,04,4.413205041854722
Chihuahua,08,05,4.736231757971649
Chihuahua,08,06,2.987210179347313
Chihuahua,08,07,3.281565669965154
Chihuahua,08,08,2.523758071529787
Chihuahua,08,09,3.2684679107742935
Chihuahua,08,10,1.8500925593012925
Chihuahua,08,11,1.65270960440171
Chihuahua,08,12,1.2998731463056694
Chihuahua,08,13,1.9176680682235687
Chihuahua,08,14,1.5187767608748117
Chihuahua,08,15,1.2718886847086206
Chihuahua,08,16,1.547576074976045
Chihuahua,08,17,1.4934514951693545
Chihuahua,08,18,1.712407842058666
Chihuahua,08,19,1.7521253344248182
Chihuahua,08,20,2.418485035366392
Chihuahua,08,21,3.126866316434309
Chihuahua,08,22,3.6359449665933634
Chihuahua,08,23,5.871625504445107
Chihuahua,08,24,8.981170490345624
Chihuahua,08,25,11.139477723018596
Chihuahua,08,26,18.562342539287922
Chihuahua,08,27,21.07078416933088
Chihuahua,08,28,23.49740816287381
Chihuahua,08,29,23.872704845262263
Chihuahua,08,30,27.933933199217467
Chihuahua,08,31,28.554388500590367
Chihuahua,08,32,25.09858073575018
Chihuahua,08,33,23.45078915284821
Chihuahua,08,34,20.64321702606069
Chihuahua,08,35,22.768430863113554
Chihuahua,08,36,15.920315025950504
Chihuahua,08,37,19.09020193239749
Chihuahua,08,38,13.563796293130595
Chihuahua,08,39,11.649123239926757
Chihuahua,08,40,9.626390148764802
Chihuahua,08,41,7.609037078511704
Chihuahua,08,42,4.115820830733594
Chihuahua,08,43,6.188139199268852
Chihuahua,08,44,4.83119023653465
Chihuahua,08,45,2.0467177022470167
Chihuahua,08,46,2.9057466308810143
Chihuahua,08,47,2.5613950475047136
Chihuahua,08,48,4.692688147952905
Chihuahua,08,49,5.405679041519122
Chihuahua,08,50,4.324576917725036
Chihuahua,08,51,4.828940886361445
Chihuahua,08,52,4.42028694601383
Ciudad de México,09,01,2.7543847926383034
Ciudad de México,09,02,2.111685094574922
Ciudad de México,09,03,3.1969163432622443
Ciudad de México,09,04,2.810955842670748
Ciudad de México,09,05,4.709337704902865
Ciudad de México,09,06,2.069487663320498
Ciudad de México,09,07,1.6742696137834692
Ciudad de México,09,08,2.168985616469933
Ciudad de México,09,09,2.1977774281379974
Ciudad de México,09,10,1.166636815761423
Ciudad de México,09,11,1.673798828767711
Ciudad de México,09,12,2.3862424000539795
Ciudad de México,09,13,3.0650303349531147
Ciudad de México,09,14,4.463652733412814
Ciudad de México,09,15,6.69775767623771
Ciudad de México,09,16,6.971735774487037
Ciudad de México,09,17,7.2171158328579494
Ciudad de México,09,18,11.972784032561519
Ciudad de México,09,19,14.07786039561853
Ciudad de México,09,20,12.103902192718023
Ciudad de México,09,21,17.84147861219256
Ciudad de México,09,22,18.210877913614304
Ciudad de México,09,23,37.90800078144993
Ciudad de México,09,24,39.35754755436948
Ciudad de México,09,25,50.31209774560066
Ciudad de México,09,26,44.42091483191936
Ciudad de México,09,27,52.70733155128838
Ciudad de México,09,28,40.94148683860569
Ciudad de México,09,29,39.4421852617463
Ciudad de México,09,30,41.55025347368404
Ciudad de México,09,31,43.32489608220692
Ciudad de México,09,32,41.33609820613553
Ciudad de México,09,33,39.853614190494376
Ciudad de México,09,34,45.53497120852307
Ciudad de México,09,35,44.470275998850724
Ciudad de México,09,36,50.76951433884377
Ciudad de México,09,37,43.883202116089294
Ciudad de México,09,38,35.78401017266992
Ciudad de México,09,39,30.730812081527155
Ciudad de México,09,40,27.88838921178742
Ciudad de México,09,41,16.438482802602312
Ciudad de México,09,42,15.36243181307606
Ciudad de México,09,43,10.912315109185114
Ciudad de México,09,44,9.262315636701704
Ciudad de México,09,45,5.337898693901973
Ciudad de México,09,46,4.3881942284362525
Ciudad de México,09,47,3.9381684021119505
Ciudad de México,09,48,4.224172427939112
Ciudad de México,09,49,2.0851314790472504
Ciudad de México,09,50,0.901745786543058
Ciudad de México,09,51,1.8991847879708739
Ciudad de México,09,52,2.769126489449568
Durango,10,01,3.034949642681883
Durango,10,02,5.665344819247241
Durango,10,03,5.736123460417711
Durango,10,04,3.9275877399899444
Durango,10,05,5.147584902478458
Durango,10,06,1.8753403165065794
Durango,10,07,1.939864523026361
Durango,10,08,1.82269939284505
Durango,10,09,2.8253181369005267
Durango,10,10,1.2329079437284878
Durango,10,11,0.9293343777700541
Durango,10,12,1.0954489766529063
Durango,10,13,1.3403735529982475
Durango,10,14,1.4781386142700834
Durango,10,15,1.044829672543074
Durango,10,16,1.1977183395268125
Durango,10,17,1.2204584632285511
Durango,10,18,1.382030266884205
Durango,10,19,2.120451883587629
Durango,10,20,2.560641920505778
Durango,10,21,4.527340002030622
Durango,10,22,6.6188646130880215
Durango,10,23,9.127278060047097
Durango,10,24,19.661310952648005
Durango,10,25,20.58385047394425
Durango,10,26,29.82373935842875
Durango,10,27,33.17353031543456
Durango,10,28,33.14644497813803
Durango,10,29,33.164475130157065
Durango,10,30,33.98560963199935
Durango,10,31,34.5448833272139
Durango,10,32,30.992398194165638
Durango,10,33,32.66116708369476
Durango,10,34,29.894668211880347
Durango,10,35,32.297524285952456
Durango,10,36,31.531405200185016
Durango,10,37,26.592267311092346
Durango,10,38,26.660391791938018
Durango,10,39,19.390731262704264
Durango,10,40,12.84853492944446
Durango,10,41,9.248103287576283
Durango,10,42,6.733312850375499
Durango,10,43,8.403998598355606
Durango,10,44,4.156616315084405
Durango,10,45,1.857217430033477
Durango,10,46,3.482181644018872
Durango,10,47,3.3265340686564095
Durango,10,48,4.173452940059436
Durango,10,49,5.275310866688364
Durango,10,50,4.521645639936169
Durango,10,51,4.513804335307137
Durango,10,52,4.162779030729984
Guanajuato,11,01,2.1989928362129247
Guanajuato,11,02,3.172646819082649
Guanajuato,11,03,3.5516691249574874
Guanajuato,11,04,2.691477033950828
Guanajuato,11,05,3.5854741055358343
Guanajuato,11,06,1.0280518614156413
Guanajuato,11,07,1.0402010433429774
Guanajuato,11,08,1.2425987232832798
Guanajuato,11,09,1.6618704487954417
Guanajuato,11,10,0.9654741978259708
Guanajuato,11,11,1.083273513079913
Guanajuato,11,12,1.1632424790736902
Guanajuato,11,13,1.6380408799660942
Guanajuato,11,14,2.053964911790938
Guanajuato,11,15,2.895790223770949
Guanajuato,11,16,3.133911658306372
Guanajuato,11,17,2.92163181638338
Guanajuato,11,18,3.719714547511204
Guanajuato,11,19,6.197490323938205
Guanajuato,11,20,8.004289126133294
Guanajuato,11,21,11.371665349353451
Guanajuato,11,22,10.05749701690819
Guanajuato,11,23,21.244934830794012
Guanajuato,11,24,28.383370808543592
Guanajuato,11,25,28.252986955930787
Guanajuato,11,26,30.143416400711793
Guanajuato,11,27,36.94894417621993
Guanajuato,11,28,31.029146530071344
Guanajuato,11,29,25.555393156871432
Guanajuato,11,30,28.40058140867597
Guanajuato,11,31,28.142769131040176
Guanajuato,11,32,29.121515831788418
Guanajuato,11,33,24.769948347064506
Guanajuato,11,34,27.885821977768238
Guanajuato,11,35,25.125448498828188
Guanajuato,11,36,30.874433246197256
Guanajuato,11,37,26.7250764580161
Guanajuato,11,38,24.7811257831888
Guanajuato,11,39,12.226423982890289
Guanajuato,11,40,12.832157577783155
Guanajuato,11,41,13.299403437392792
Guanajuato,11,42,8.550183972667607
Guanajuato,11,43,6.210400325515204
Guanajuato,11,44,4.095097982252171
Guanajuato,11,45,1.9918052599194862
Guanajuato,11,46,2.490549408857755
Guanajuato,11,47,2.2364133007930547
Guanajuato,11,48,1.7801702685024923
Guanajuato,11,49,2.079286607835534
Guanajuato,11,50,1.2941663532519874
Guanajuato,11,51,1.7555321386936928
Guanajuato,11,52,2.392703092853105
Guerrero,12,01,2.279809182695892
Guerrero,12,02,2.151328997422674
Guerrero,12,03,3.4128070457661432
Guerrero,12,04,2.3824824482391977
Guerrero,12,05,2.2407857321823434
Guerrero,12,06,0.5600380446239598
Guerrero,12,07,0.3972215248079319
Guerrero,12,08,0.39172511794296633
Guerrero,12,09,0.4295364771383064
Guerrero,12,10,0.48557741520954234
Guerrero,12,11,0.3481662366964765
Guerrero,12,12,0.3165526990433749
Guerrero,12,13,0.31246802384233124
Guerrero,12,14,0.4371505741078325
Guerrero,12,15,0.5647550135207485
Guerrero,12,16,0.9467221705963208
Guerrero,12,17,1.4671507305806555
Guerrero,12,18,2.794874629027261
Guerrero,12,19,4.669338165674984
Guerrero,12,20,6.229946623635141
Guerrero,12,21,13.564249389634316
Guerrero,12,22,25.892064946740618
Guerrero,12,23,44.650153331843725
Guerrero,12,24,55.32523503483217
Guerrero,12,25,68.99583118888526
Guerrero,12,26,68.29210913359483
Guerrero,12,27,62.226848511812676
Guerrero,12,28,58.848596599883294
Guerrero,12,29,56.629157558374786
Guerrero,12,30,49.73336762277643
Guerrero,12,31,56.62054509836895
Guerrero,12,32,59.4637395280633
Guerrero,12,33,54.34266368474016
Guerrero,12,34,57.29023949931632
Guerrero,12,35,70.32322481443083
Guerrero,12,36,63.21020116932766
Guerrero,12,37,67.61432484612092
Guerrero,12,38,61.920708283954774
Guerrero,12,39,53.05653753565664
Guerrero,12,40,47.6342724379478
Guerrero,12,41,35.28127419288316
Guerrero,12,42,23.71397449652259
Guerrero,12,43,15.676057776411467
Guerrero,12,44,11.046094646264791
Guerrero,12,45,6.1005730081298095
Guerrero,12,46,2.951001566080537
Guerrero,12,47,2.1436177272496075
Guerrero,12,48,1.9890492880030122
Guerrero,12,49,0.8011676446704029
Guerrero,12,50,0.5662224571735606
Guerrero,12,51,1.0270276115437547
Guerrero,12,52,1.441617369940428
Hidalgo,13,01,3.4507933782208435
Hidalgo,13,02,3.795111401452356
Hidalgo,13,03,4.32071977588785
Hidalgo,13,04,3.8938155214043424
Hidalgo,13,05,6.972552722742437
Hidalgo,13,06,3.771330524980862
Hidalgo,13,07,2.5019827814067415
Hidalgo,13,08,5.183761974847228
Hidalgo,13,09,2.921403196305154
Hidalgo,13,10,2.5265213947657132
Hidalgo,13,11,3.519321059667157
Hidalgo,13,12,3.6831141771406033
Hidalgo,13,13,4.9973793329053615
Hidalgo,13,14,7.596529418329196
Hidalgo,13,15,8.725262618042695
Hidalgo,13,16,7.170508797510649
Hidalgo,13,17,9.66624732295632
Hidalgo,13,18,10.584438632941048
Hidalgo,13,19,13.092787614527287
Hidalgo,13,20,14.61642171180146
Hidalgo,13,21,14.275792184842917
Hidalgo,13,22,11.60740080105112
Hidalgo,13,23,25.930953967335945
Hidalgo,13,24,28.34852380202511
Hidalgo,13,25,33.856918168917424
Hidalgo,13,26,35.09110804767124
Hidalgo,13,27,36.73728519878766
Hidalgo,13,28,31.1311805111207
Hidalgo,13,29,23.84935656643997
Hidalgo,13,30,27.470156799243565
Hidalgo,13,31,25.466045555593848
Hidalgo,13,32,26.377025412283903
Hidalgo,13,33,22.998359582658136
Hidalgo,13,34,31.27177936213106
Hidalgo,13,35,34.36812657356721
Hidalgo,13,36,44.27798016003945
Hidalgo,13,37,38.07681244232238
Hidalgo,13,38,36.400809406362015
Hidalgo,13,39,29.78511716153538
Hidalgo,13,40,34.98540704456646
Hidalgo,13,41,22.8064895845889
Hidalgo,13,42,13.829687274363408
Hidalgo,13,43,14.404038465341515
Hidalgo,13,44,12.037679932316191
Hidalgo,13,45,6.346420427121523
Hidalgo,13,46,7.037490990523114
Hidalgo,13,47,6.3501071512011915
Hidalgo,13,48,6.256042444565944
Hidalgo,13,49,3.7477375366870795
Hidalgo,13,50,1.5735977557391967
Hidalgo,13,51,4.189898368961884
Hidalgo,13,52,4.822936533046772
Jalisco,14,01,2.28293780595103
Jalisco,14,02,4.115669063455179
Jalisco,14,03,5.130202033902806
Jalisco,14,04,2.555956743033785
Jalisco,14,05,3.422791994512089
Jalisco,14,06,0.9001420256778352
Jalisco,14,07,1.193193466269419
Jalisco,14,08,0.717673844702188
Jalisco,14,09,1.7123416255867807
Jalisco,14,10,0.9512521929573469
Jalisco,14,11,0.6081608804704411
Jalisco,14,12,0.6573950205966002
Jalisco,14,13,1.0565296378259244
Jalisco,14,14,0.9609137598769475
Jalisco,14,15,0.9467785323767993
Jalisco,14,16,1.180107469060117
Jalisco,14,17,1.1150378813728914
Jalisco,14,18,0.8029038452416788
Jalisco,14,19,2.0207601654872853
Jalisco,14,20,2.632779202084228
Jalisco,14,21,7.492078412250271
Jalisco,14,22,10.754901718982977
Jalisco,14,23,18.081534774783076
Jalisco,14,24,38.71737656818374
Jalisco,14,25,49.29124379127862
Jalisco,14,26,50.04838495151285
Jalisco,14,27,50.3503149306685
Jalisco,14,28,49.571076467485646
Jalisco,14,29,47.803402519121654
Jalisco,14,30,44.04262411829842
Jalisco,14,31,47.013318839648655
Jalisco,14,32,45.81281395740962
Jalisco,14,33,43.303410539107475
Jalisco,14,34,42.94032257132586
Jalisco,14,35,47.86407340107346
Jalisco,14,36,47.04167040941384
Jalisco,14,37,41.48935138949706
Jalisco,14,38,37.73442343288131
Jalisco,14,39,29.359835232028754
Jalisco,14,40,24.22133434021408
Jalisco,14,41,22.604776612736146
Jalisco,14,42,11.210059650593976
Jalisco,14,43,11.035071434534807
Jalisco,14,44,4.852830448058034
Jalisco,14,45,2.758760322776797
Jalisco,14,46,3.6657788227003207
Jalisco,14,47,2.732852373701769
Jalisco,14,48,1.7002991867355841
Jalisco,14,49,2.7900896332006555
Jalisco,14,50,2.547705765075689
Jalisco,14,51,3.0487269870359026
Jalisco,14,52,2.7773558659871247
Estado de México,15,01,2.314458753001388
Estado de México,15,02,2.152513007842617
Estado de México,15,03,3.505404520835876
Estado de México,15,04,2.4110061454531238
Estado de México,15,05,3.6329730737912045
Estado de México,15,06,1.3484199586272867
Estado de México,15,07,0.9766624036649068
Estado de México,15,08,1.5206920113791471
Estado de México,15,09,1.655750008420082
Estado de México,15,10,1.077409795592216
Estado de México,15,11,1.2822334961152004
Estado de México,15,12,1.8169651489634826
Estado de México,15,13,2.4106392252601374
Estado de México,15,14,2.9257212856797783
Estado de México,15,15,4.432271202082429
Estado de México,15,16,5.32514657283456
Estado de México,15,17,6.051013786097953
Estado de México,15,18,8.922577770415153
Estado de México,15,19,10.696772420029005
Estado de México,15,20,12.256661210642449
Estado de México,15,21,17.46736090519735
Estado de México,15,22,20.51019397011806
Estado de México,15,23,36.464843462636395
Estado de México,15,24,40.57757117203495
Estado de México,15,25,49.21547152007033
Estado de México,15,26,46.02494540528322
Estado de México,15,27,50.82870812944422
Estado de México,15,28,41.276472527611354
Estado de México,15,29,39.3937561707863
Estado de México,15,30,39.79475925857988
Estado de México,15,31,41.81938746132588
Estado de México,15,32,40.873876224355655
Estado de México,15,33,39.814153341082566
Estado de México,15,34,41.96227841989308
Estado de México,15,35,43.541059829157184
Estado de México,15,36,44.5147810920176
Estado de México,15,37,41.49114032978426
Estado de México,15,38,35.464819027506316
Estado de México,15,39,25.623111587679315
Estado de México,15,40,27.331370166766693
Estado de México,15,41,20.33953531119108
Estado de México,15,42,15.757846168065605
Estado de México,15,43,12.488422539823835
Estado de México,15,44,8.501429647189209
Estado de México,15,45,4.9292871926141295
Estado de México,15,46,3.728539545394989
Estado de México,15,47,3.154621114726492
Estado de México,15,48,3.047487159452649
Estado de México,15,49,1.457056211680444
Estado de México,15,50,0.7478648560788402
Estado de México,15,51,1.6020457632888037
Estado de México,15,52,1.8984532557858946
Michoacán,16,01,2.457047099810235
Michoacán,16,02,2.70637983092428
Michoacán,16,03,3.8209508235318626
Michoacán,16,04,2.7988058231428643
Michoacán,16,05,2.7208682748035438
Michoacán,16,06,0.7115667926197196
Michoacán,16,07,0.6364650954995391
Michoacán,16,08,0.6275433083589605
Michoacán,16,09,0.9594443036230957
Michoacán,16,10,0.5570452554129868
Michoacán,16,11,0.5894287886212326
Michoacán,16,12,0.5092688680120594
Michoacán,16,13,0.8106601071079507
Michoacán,16,14,0.6951107472476564
Michoacán,16,15,1.2035533939384013
Michoacán,16,16,1.36378266746646
Michoacán,16,17,1.5269643298767677
Michoacán,16,18,1.883144361117141
Michoacán,16,19,3.869346866259305
Michoacán,16,20,4.353075398752
Michoacán,16,21,11.095795078679961
Michoacán,16,22,13.482896480580555
Michoacán,16,23,23.088534933374472
Michoacán,16,24,39.18603107259438
Michoacán,16,25,47.16171449539525
Michoacán,16,26,50.50407544893801
Michoacán,16,27,46.94534757029476
Michoacán,16,28,47.34071791308429
Michoacán,16,29,45.30806054792625
Michoacán,16,30,42.91709570027764
Michoacán,16,31,42.86883753386896
Michoacán,16,32,44.88778480189648
Michoacán,16,33,41.54538918956937
Michoacán,16,34,41.949841051648924
Michoacán,16,35,51.534094104813505
Michoacán,16,36,42.91857097389092
Michoacán,16,37,45.606438822411114
Michoacán,16,38,39.43558504365322
Michoacán,16,39,28.38150097848745
Michoacán,16,40,28.953416750008543
Michoacán,16,41,24.739726623473054
Michoacán,16,42,15.899093614479284
Michoacán,16,43,13.30346473163711
Michoacán,16,44,6.23038324347008
Michoacán,16,45,3.9163436557246056
Michoacán,16,46,3.3891299225763913
Michoacán,16,47,2.4886671720857003
Michoacán,16,48,1.9532790189106142
Michoacán,16,49,2.4530354918758626
Michoacán,16,50,1.1569045505223983
Michoacán,16,51,1.6203735136826989
Michoacán,16,52,2.2907069978944357
Morelos,17,01,1.6731075528212866
Morelos,17,02,1.209238807972255
Morelos,17,03,2.271022177554296
Morelos,17,04,1.954885156170644
Morelos,17,05,2.639963014816406
Morelos,17,06,0.5620625485742549
Morelos,17,07,0.4329587891513536
Morelos,17,08,0.6600595054597218
Morelos,17,09,0.7182761209870077
Morelos,17,10,0.6888696693273615
Morelos,17,11,0.5483140010005234
Morelos,17,12,0.9740662656177397
Morelos,17,13,1.337920047914819
Morelos,17,14,1.3228356361100406
Morelos,17,15,3.179718671785446
Morelos,17,16,3.241666426202303
Morelos,17,17,4.290434142889866
Morelos,17,18,7.526737844097862
Morelos,17,19,9.939726555179643
Morelos,17,20,12.263205457340032
Morelos,17,21,18.013480213183097
Morelos,17,22,24.66299728690705
Morelos,17,23,49.1430497203608
Morelos,17,24,48.65836939137277
Morelos,17,25,55.75313498449859
Morelos,17,26,55.61328757209164
Morelos,17,27,53.85840729115395
Morelos,17,28,43.182797472789275
Morelos,17,29,38.03233398707998
Morelos,17,30,40.80421064855595
Morelos,17,31,40.580625581398515
Morelos,17,32,44.746175942202086
Morelos,17,33,43.81481311211872
Morelos,17,34,45.58875744441566
Morelos,17,35,52.5508984654857
Morelos,17,36,60.38426843875335
Morelos,17,37,48.24839346488087
Morelos,17,38,41.22184772257738
Morelos,17,39,34.182678231243344
Morelos,17,40,28.76233173189411
Morelos,17,41,17.050408257055707
Morelos,17,42,13.704407536013926
Morelos,17,43,11.153297516242272
Morelos,17,44,6.6982150755333665
Morelos,17,45,4.1394744707390725
Morelos,17,46,2.2072587944271285
Morelos,17,47,2.116496017265882
Morelos,17,48,1.5856233194050724
Morelos,17,49,0.42582455381351964
Morelos,17,50,0.32389160000232087
Morelos,17,51,0.4120378201149369
Morelos,17,52,0.9293165692591601
Nayarit,18,01,2.239057923824893
Nayarit,18,02,4.938147426175902
Nayarit,18,03,6.575868039967721
Nayarit,18,04,2.935183524281575
Nayarit,18,05,5.364705637979165
Nayarit,18,06,1.517620144832252
Nayarit,18,07,2.094020217170366
Nayarit,18,08,1.0567930341728757
Nayarit,18,09,1.9484891315841
Nayarit,18,10,0.8561079969657559
Nayarit,18,11,0.5415518476308575
Nayarit,18,12,0.6587240642130849
Nayarit,18,13,0.937550016610984
Nayarit,18,14,0.6181252927103971
Nayarit,18,15,0.45291654893031535
Nayarit,18,16,0.6267185046835982
Nayarit,18,17,0.47053948244594196
Nayarit,18,18,0.18831007608278108
Nayarit,18,19,0.15687709213901194
Nayarit,18,20,0.2537133159648427
Nayarit,18,21,2.5585672345987365
Nayarit,18,22,4.17421500926309
Nayarit,18,23,10.884856998505702
Nayarit,18,24,26.83670253725755
Nayarit,18,25,40.58997706100054
Nayarit,18,26,58.54948372023131
Nayarit,18,27,69.16669933825533
Nayarit,18,28,64.25471659223122
Nayarit,18,29,70.90126625541252
Nayarit,18,30,57.955919517614284
Nayarit,18,31,61.574368352297455
Nayarit,18,32,68.94189060064039
Nayarit,18,33,69.81201771597894
Nayarit,18,34,66.28189067197094
Nayarit,18,35,66.18733983766013
Nayarit,18,36,66.92906478202178
Nayarit,18,37,60.199233354629
Nayarit,18,38,55.75701962189293
Nayarit,18,39,38.85768371583955
Nayarit,18,40,31.163443975043144
Nayarit,18,41,20.928166396405125
Nayarit,18,42,10.834562635764994
Nayarit,18,43,12.545461831777727
Nayarit,18,44,4.56754653419262
Nayarit,18,45,1.8825518651358013
Nayarit,18,46,3.716772631588805
Nayarit,18,47,3.0406237488548293
Nayarit,18,48,2.177137616620539
Nayarit,18,49,3.493461091635851
Nayarit,18,50,3.7268574408326383
Nayarit,18,51,5.748761055409169
Nayarit,18,52,4.027646331890723
Nuevo León,19,01,3.332817217406811
Nuevo León,19,02,4.752581927743055
Nuevo León,19,03,5.620923470124181
Nuevo León,19,04,4.518792828569174
Nuevo León,19,05,5.756832152133329
Nuevo León,19,06,2.9366235711586524
Nuevo León,19,07,3.7561404964135736
Nuevo León,19,08,3.7890588065608153
Nuevo León,19,09,4.136258036416036
Nuevo León,19,10,2.8135550156296927
Nuevo León,19,11,3.3732002253457236
Nuevo León,19,12,2.571945632749456
Nuevo León,19,13,4.129608734050891
Nuevo León,19,14,6.674543497466373
Nuevo León,19,15,8.825200578370406
Nuevo León,19,16,7.519561760975892
Nuevo León,19,17,9.032799434715088
Nuevo León,19,18,9.862490138792051
Nuevo León,19,19,12.481425532184021
Nuevo León,19,20,13.974192735587964
Nuevo León,19,21,14.459309427371725
Nuevo León,19,22,12.636683971600824
Nuevo León,19,23,15.60769056480044
Nuevo León,19,24,16.79044734994828
Nuevo León,19,25,13.04610637500193
Nuevo León,19,26,13.722165828562124
Nuevo León,19,27,17.529781051712714
Nuevo León,19,28,10.561193506337633
Nuevo León,19,29,10.55086590541094
Nuevo León,19,30,11.311618112153694
Nuevo León,19,31,11.416897723683556
Nuevo León,19,32,10.982342353857137
Nuevo León,19,33,14.77302389163116
Nuevo León,19,34,15.710012181886828
Nuevo León,19,35,21.12738567860145
Nuevo León,19,36,29.073305130950537
Nuevo León,19,37,36.612319006153484
Nuevo León,19,38,25.117497216044484
Nuevo León,19,39,13.732793717862897
Nuevo León,19,40,12.742998984283663
Nuevo León,19,41,13.743722689321356
Nuevo León,19,42,8.057830163190637
Nuevo León,19,43,10.047545971482906
Nuevo León,19,44,5.241633305141254
Nuevo León,19,45,2.761066687330379
Nuevo León,19,46,5.354566650679113
Nuevo León,19,47,3.036319104460932
Nuevo León,19,48,3.6124406041078223
Nuevo León,19,49,3.964977889209614
Nuevo León,19,50,2.812614714707069
Nuevo León,19,51,3.884356110787501
Nuevo León,19,52,3.3566870870542287
Oaxaca,20,01,4.503211146200046
Oaxaca,20,02,3.338522223911044
Oaxaca,20,03,2.8263898958830094
Oaxaca,20,04,4.232412167741807
Oaxaca,20,05,3.6913805871678758
Oaxaca,20,06,3.368644186998697
Oaxaca,20,07,3.529703436319142
Oaxaca,20,08,4.392805210765545
Oaxaca,20,09,2.8633690234593723
Oaxaca,20,10,3.2974377964202963
Oaxaca,20,11,2.209173854808007
Oaxaca,20,12,2.552282450402278
Oaxaca,20,13,3.6117038497866476
Oaxaca,20,14,4.045200869064402
Oaxaca,20,15,5.192317368525723
Oaxaca,20,16,5.322838512136994
Oaxaca,20,17,9.625631592256422
Oaxaca,20,18,12.064571073413651
Oaxaca,20,19,15.004830975265792
Oaxaca,20,20,18.030625027656775
Oaxaca,20,21,24.38025498102482
Oaxaca,20,22,36.24879394893347
Oaxaca,20,23,53.65474640941465
Oaxaca,20,24,65.79405440332259
Oaxaca,20,25,65.19724516963834
Oaxaca,20,26,68.0711500276723
Oaxaca,20,27,62.27633354102049
Oaxaca,20,28,62.29342315634796
Oaxaca,20,29,55.05654091970234
Oaxaca,20,30,49.79850070115772
Oaxaca,20,31,56.144348905003014
Oaxaca,20,32,55.31268632882731
Oaxaca,20,33,56.50336911397036
Oaxaca,20,34,61.25782020677548
Oaxaca,20,35,72.93006542154494
Oaxaca,20,36,66.89348407978831
Oaxaca,20,37,68.57530961070005
Oaxaca,20,38,57.673889281948625
Oaxaca,20,39,59.827441825004286
Oaxaca,20,40,55.46187189439831
Oaxaca,20,41,35.948939141855604
Oaxaca,20,42,24.954823273206394
Oaxaca,20,43,18.677016618625814
Oaxaca,20,44,17.68902066732484
Oaxaca,20,45,13.951348519977792
Oaxaca,20,46,11.285535258919088
Oaxaca,20,47,7.06128912643619
Oaxaca,20,48,7.718036658425473
Oaxaca,20,49,6.371837523838669
Oaxaca,20,50,4.058138335999839
Oaxaca,20,51,5.304070776467474
Oaxaca,20,52,5.90735792155312
Puebla,21,01,3.336271512663268
Puebla,21,02,3.3309621291809908
Puebla,21,03,3.7006765414579723
Puebla,21,04,4.1847297967033175
Puebla,21,05,5.140205763560223
Puebla,21,06,2.924276761670591
Puebla,21,07,2.3067624124944004
Puebla,21,08,4.106179985372288
Puebla,21,09,2.6637409257575166
Puebla,21,10,2.3516887816446537
Puebla,21,11,2.6580614498961452
Puebla,21,12,3.128140393870803
Puebla,21,13,4.871637818595704
Puebla,21,14,5.850768584218566
Puebla,21,15,8.694787055837821
Puebla,21,16,6.561782260232641
Puebla,21,17,10.539611264944822
Puebla,21,18,13.757376316839776
Puebla,21,19,15.107339847625893
Puebla,21,20,14.209668224744911
Puebla,21,21,17.651968616201817
Puebla,21,22,21.754809771506658
Puebla,21,23,36.64361245138076
Puebla,21,24,42.08780206952754
Puebla,21,25,43.51453083387524
Puebla,21,26,44.304623824836895
Puebla,21,27,41.362860436268946
Puebla,21,28,35.56825538535701
Puebla,21,29,31.03008728234902
Puebla,21,30,30.498317110940746
Puebla,21,31,33.41922505449385
Puebla,21,32,32.997624752522796
Puebla,21,33,32.6023260381968
Puebla,21,34,38.49635072323566
Puebla,21,35,44.44295665006809
Puebla,21,36,51.82103869411648
Puebla,21,37,46.03794669624656
Puebla,21,38,41.457889070122725
Puebla,21,39,37.1185800975096
Puebla,21,40,36.349255283698845
Puebla,21,41,23.373122783225845
Puebla,21,42,18.58236743980797
Puebla,21,43,14.331488271346101
Puebla,21,44,11.630854905830212
Puebla,21,45,7.242650670732253
Puebla,21,46,6.72382896142505
Puebla,21,47,6.004980656903127
Puebla,21,48,6.802752256573794
Puebla,21,49,3.8710636647667096
Puebla,21,50,2.0774799379797746
Puebla,21,51,3.150097654488622
Puebla,21,52,5.1059356278763275
Querétaro,22,01,2.432928505736291
Querétaro,22,02,3.3336298307213106
Querétaro,22,03,3.639856440919614
Querétaro,22,04,2.715398231313899
Querétaro,22,05,5.025953191419568
Querétaro,22,06,1.7247698326860017
Querétaro,22,07,1.1844869131276061
Querétaro,22,08,2.247899331376085
Querétaro,22,09,1.8196353553012126
Querétaro,22,10,1.4611130931595473
Querétaro,22,11,1.8446268555093874
Querétaro,22,12,2.0691307748460703
Querétaro,22,13,2.69516072013976
Querétaro,22,14,4.321672282781065
Querétaro,22,15,5.344352919161393
Querétaro,22,16,5.214943111564451
Querétaro,22,17,5.875485608042899
Querétaro,22,18,6.779809861434022
Querétaro,22,19,9.460955639216378
Querétaro,22,20,11.191324428562607
Querétaro,22,21,12.717588038565399
Querétaro,22,22,10.268684928496727
Querétaro,22,23,22.537896772415145
Querétaro,22,24,24.9628566360163
Querétaro,22,25,29.619598735086075
Querétaro,22,26,27.887969329569636
Querétaro,22,27,35.85798722465137
Querétaro,22,28,29.086656311803694
Querétaro,22,29,21.39475076793571
Querétaro,22,30,26.512071721038975
Querétaro,22,31,23.677827604300735
Querétaro,22,32,24.831622799994896
Querétaro,22,33,20.706805951865327
Querétaro,22,34,27.399796712858215
Querétaro,22,35,27.594351893858182
Querétaro,22,36,30.635629096564312
Querétaro,22,37,31.07979235937408
Querétaro,22,38,29.34944662360362
Querétaro,22,39,19.569774349406714
Querétaro,22,40,20.44485058902099
Querétaro,22,41,17.496719821500157
Querétaro,22,42,11.346491747250047
Querétaro,22,43,9.006077099894554
Querétaro,22,44,6.861368328955855
Querétaro,22,45,3.636542468681708
Querétaro,22,46,3.851709945094397
Querétaro,22,47,2.6611959494153417
Querétaro,22,48,3.1766898624612923
Querétaro,22,49,1.9367322406101284
Querétaro,22,50,0.8575950312238138
Querétaro,22,51,2.192376161770879
Querétaro,22,52,2.786991957287598
Quintana Roo,23,01,14.700005337980595
Quintana Roo,23,02,7.3324333485001345
Quintana Roo,23,03,15.10095460123867
Quintana Roo,23,04,14.12274055919082
Quintana Roo,23,05,7.277571425235436
Quintana Roo,23,06,9.398547211427385
Quintana Roo,23,07,10.666981436074323
Quintana Roo,23,08,12.4286701790041
Quintana Roo,23,09,3.484793668626795
Quintana Roo,23,10,10.310686373669672
Quintana Roo,23,11,5.69630429800591
Quintana Roo,23,12,11.4463531856012
Quintana Roo,23,13,10.46633709922499
Quintana Roo,23,14,6.412399375953639
Quintana Roo,23,15,10.333085772123573
Quintana Roo,23,16,6.300973248877615
Quintana Roo,23,17,13.871662339270609
Quintana Roo,23,18,11.592607533198166
Quintana Roo,23,19,18.408352198369833
Quintana Roo,23,20,21.517356633366987
Quintana Roo,23,21,33.3214758468931
Quintana Roo,23,22,43.514110237442246
Quintana Roo,23,23,33.9992486885718
Quintana Roo,23,24,52.062714191458035
Quintana Roo,23,25,37.981520147370105
Quintana Roo,23,26,39.26329834415956
Quintana Roo,23,27,32.39557360855097
Quintana Roo,23,28,31.697918965661245
Quintana Roo,23,29,28.282432410254625
Quintana Roo,23,30,35.0826322671325
Quintana Roo,23,31,34.03713616148109
Quintana Roo,23,32,34.027287547779
Quintana Roo,23,33,31.671494428969808
Quintana Roo,23,34,38.733210356762136
Quintana Roo,23,35,41.35965743235325
Quintana Roo,23,36,38.06577825315304
Quintana Roo,23,37,51.532430273695546
Quintana Roo,23,38,45.09502876820913
Quintana Roo,23,39,59.88463419852804
Quintana Roo,23,40,43.74870716152168
Quintana Roo,23,41,43.22247347863751
Quintana Roo,23,42,33.37611590031906
Quintana Roo,23,43,31.071929189727886
Quintana Roo,23,44,38.885824594692444
Quintana Roo,23,45,18.192117061566776
Quintana Roo,23,46,17.955124678360217
Quintana Roo,23,47,15.587441438024301
Quintana Roo,23,48,26.084803996322393
Quintana Roo,23,49,12.78469547337084
Quintana Roo,23,50,12.291963372582494
Quintana Roo,23,51,12.657506938046504
Quintana Roo,23,52,13.820987162926901
San Luis Potosí,24,01,2.7270415341475296
San Luis Potosí,24,02,3.998521711556158
San Luis Potosí,24,03,4.408268875812442
San Luis Potosí,24,04,3.5129565258755795
San Luis Potosí,24,05,5.699860840788196
San Luis Potosí,24,06,2.2918326490207455
San Luis Potosí,24,07,2.391044235467033
San Luis Potosí,24,08,2.5315748394754967
San Luis Potosí,24,09,2.7066318434927834
San Luis Potosí,24,10,1.6444612728362664
San Luis Potosí,24,11,1.7384763176138498
San Luis Potosí,24,12,2.2531915522198465
San Luis Potosí,24,13,3.037573895778344
San Luis Potosí,24,14,4.769322109022373
San Luis Potosí,24,15,5.881276748650167
San Luis Potosí,24,16,5.01955148188816
San Luis Potosí,24,17,5.943431125783408
San Luis Potosí,24,18,6.937895609060879
San Luis Potosí,24,19,10.837863348466072
San Luis Potosí,24,20,12.15499040901204
San Luis Potosí,24,21,13.798761872365104
San Luis Potosí,24,22,10.745969710268497
San Luis Potosí,24,23,23.874029335744826
San Luis Potosí,24,24,25.085246571213617
San Luis Potosí,24,25,23.226381740722687
San Luis Potosí,24,26,26.315628800695915
San Luis Potosí,24,27,30.233777891273796
San Luis Potosí,24,28,24.253981840430082
San Luis Potosí,24,29,18.894686272328354
San Luis Potosí,24,30,21.04024271985754
San Luis Potosí,24,31,17.537448568240034
San Luis Potosí,24,32,19.152197740819233
San Luis Potosí,24,33,16.88529051794834
San Luis Potosí,24,34,22.73503209640577
San Luis Potosí,24,35,25.016031323190006
San Luis Potosí,24,36,31.978904356370645
San Luis Potosí,24,37,30.238770811180032
San Luis Potosí,24,38,23.899271672279536
San Luis Potosí,24,39,18.005994352370884
San Luis Potosí,24,40,19.465596610329037
San Luis Potosí,24,41,16.781959995777783
San Luis Potosí,24,42,9.560345381685917
San Luis Potosí,24,43,9.949483472396683
San Luis Potosí,24,44,6.476848576107416
San Luis Potosí,24,45,3.123760433975526
San Luis Potosí,24,46,4.972356877129215
San Luis Potosí,24,47,3.1322708079958446
San Luis Potosí,24,48,3.8783275638526393
San Luis Potosí,24,49,2.6508359440539246
San Luis Potosí,24,50,1.8122355912648962
San Luis Potosí,24,51,3.6736938804180497
San Luis Potosí,24,52,4.073730540286649
Sinaloa,25,01,4.414350819147587
Sinaloa,25,02,6.365336027036311
Sinaloa,25,03,7.879861454965027
Sinaloa,25,04,4.153497973782132
Sinaloa,25,05,6.143670234792213
Sinaloa,25,06,2.6356434971074947
Sinaloa,25,07,2.3867652972787607
Sinaloa,25,08,2.0045331570714655
Sinaloa,25,09,2.751153040719974
Sinaloa,25,10,1.0977313368911614
Sinaloa,25,11,0.8198929234400293
Sinaloa,25,12,0.8680769603792593
Sinaloa,25,13,1.209533380327261
Sinaloa,25,14,0.6064238062134694
Sinaloa,25,15,0.36774737763719856
Sinaloa,25,16,0.4912044320086472
Sinaloa,25,17,0.337478523004836
Sinaloa,25,18,0.2756633228469047
Sinaloa,25,19,0.10512996077352331
Sinaloa,25,20,0.2627608430266798
Sinaloa,25,21,0.5498189873472604
Sinaloa,25,22,1.285181402491344
Sinaloa,25,23,2.3974753140882514
Sinaloa,25,24,5.349136495493086
Sinaloa,25,25,13.336348848454897
Sinaloa,25,26,20.107483928070643
Sinaloa,25,27,35.58216089036358
Sinaloa,25,28,38.79399115219604
Sinaloa,25,29,42.89254472813113
Sinaloa,25,30,41.443405549487856
Sinaloa,25,31,43.30345788169716
Sinaloa,25,32,45.02664718471714
Sinaloa,25,33,43.37364742391849
Sinaloa,25,34,42.53435505059799
Sinaloa,25,35,43.13890473955649
Sinaloa,25,36,41.81330528396151
Sinaloa,25,37,39.238962253977434
Sinaloa,25,38,28.890164477188893
Sinaloa,25,39,21.06513907597381
Sinaloa,25,40,20.3104622828261
Sinaloa,25,41,12.625234594869744
Sinaloa,25,42,6.074198289275158
Sinaloa,25,43,9.701114087074496
Sinaloa,25,44,7.248866888672172
Sinaloa,25,45,2.68667725886109
Sinaloa,25,46,3.864640207389444
Sinaloa,25,47,4.199117123468423
Sinaloa,25,48,5.477149248414022
Sinaloa,25,49,7.0132895786956695
Sinaloa,25,50,5.731792331570823
Sinaloa,25,51,5.499287766330113
Sinaloa,25,52,6.302379788401614
Sonora,26,01,6.459617833197606
Sonora,26,02,3.9346471553296065
Sonora,26,03,5.980776081776729
Sonora,26,04,6.04149267836718
Sonora,26,05,6.136071187286385
Sonora,26,06,4.565017651579642
Sonora,26,07,4.896826700699175
Sonora,26,08,2.8334971676762177
Sonora,26,09,4.5233463306315445
Sonora,26,10,3.7713536447334364
Sonora,26,11,2.495135670691175
Sonora,26,12,1.9098180618193856
Sonora,26,13,1.7347104289507433
Sonora,26,14,1.414756119898562
Sonora,26,15,0.7846057156124506
Sonora,26,16,0.6958420650240209
Sonora,26,17,0.702083178867887
Sonora,26,18,0.47519999366825655
Sonora,26,19,0.2817344742556136
Sonora,26,20,0.40202417207659386
Sonora,26,21,0.7108201151491949
Sonora,26,22,0.5669518859016985
Sonora,26,23,1.1307774220798845
Sonora,26,24,1.38960187856318
Sonora,26,25,3.1313708978159234
Sonora,26,26,7.596522645923534
Sonora,26,27,17.47541515324961
Sonora,26,28,21.11780557699296
Sonora,26,29,22.547815738660702
Sonora,26,30,25.80571589989368
Sonora,26,31,21.031884387983222
Sonora,26,32,24.468885318370276
Sonora,26,33,20.65472520237695
Sonora,26,34,19.775006222077035
Sonora,26,35,18.759885705308402
Sonora,26,36,15.991801765509273
Sonora,26,37,12.124814913754594
Sonora,26,38,8.967280566933658
Sonora,26,39,7.738087946087765
Sonora,26,40,6.519532472087988
Sonora,26,41,4.125660020219057
Sonora,26,42,3.1788816069903154
Sonora,26,43,3.474017995146502
Sonora,26,44,4.25658964974652
Sonora,26,45,2.2050870237170455
Sonora,26,46,2.8336521790716183
Sonora,26,47,2.3771923868379776
Sonora,26,48,6.317337075021622
Sonora,26,49,9.218367324414455
Sonora,26,50,5.694360425969683
Sonora,26,51,6.105199176840065
Sonora,26,52,5.407724391149051
Tabasco,27,01,35.361716742721065
Tabasco,27,02,24.0582762432
Tabasco,27,03,23.819348369418623
Tabasco,27,04,31.63986964766714
Tabasco,27,05,24.49344246950564
Tabasco,27,06,24.074023915613314
Tabasco,27,07,21.934203717524934
Tabasco,27,08,18.693029363244463
Tabasco,27,09,11.90975770086903
Tabasco,27,10,13.45362857435356
Tabasco,27,11,7.703164796345725
Tabasco,27,12,10.644346721935753
Tabasco,27,13,11.90290054192737
Tabasco,27,14,9.58179164595886
Tabasco,27,15,12.080955999683166
Tabasco,27,16,7.443140542709147
Tabasco,27,17,12.496582028411563
Tabasco,27,18,16.755364493907788
Tabasco,27,19,20.173275383894435
Tabasco,27,20,21.415126030777756
Tabasco,27,21,27.829689769605704
Tabasco,27,22,42.48272540367886
Tabasco,27,23,49.515507337899464
Tabasco,27,24,57.50766068612652
Tabasco,27,25,56.245026245037764
Tabasco,27,26,51.52643652884717
Tabasco,27,27,45.30679067581674
Tabasco,27,28,40.98772502183598
Tabasco,27,29,40.65598092450016
Tabasco,27,30,38.32076699624386
Tabasco,27,31,45.413114753442336
Tabasco,27,32,44.02612693634999
Tabasco,27,33,51.47032899939152
Tabasco,27,34,54.58091316282234
Tabasco,27,35,69.9547771665272
Tabasco,27,36,66.13629286477193
Tabasco,27,37,74.24961189362273
Tabasco,27,38,67.05208329603391
Tabasco,27,39,93.94422529735743
Tabasco,27,40,96.46838770697451
Tabasco,27,41,72.515897018585
Tabasco,27,42,63.63594428046411
Tabasco,27,43,53.01343471541549
Tabasco,27,44,51.10228500389422
Tabasco,27,45,54.713712705172355
Tabasco,27,46,33.79226026908315
Tabasco,27,47,24.86853995764423
Tabasco,27,48,40.76178648797448
Tabasco,27,49,36.25887827771323
Tabasco,27,50,20.945027237225148
Tabasco,27,51,31.88016980313707
Tabasco,27,52,29.525326069918464
Tamaulipas,28,01,3.8610312324642253
Tamaulipas,28,02,5.014284133001191
Tamaulipas,28,03,6.898681670174119
Tamaulipas,28,04,4.8810286662786675
Tamaulipas,28,05,7.1022388952775914
Tamaulipas,28,06,3.6298357598999007
Tamaulipas,28,07,3.797614705453182
Tamaulipas,28,08,4.790012551143627
Tamaulipas,28,09,4.074398948023175
Tamaulipas,28,10,3.1350717936617705
Tamaulipas,28,11,4.304180687270158
Tamaulipas,28,12,3.2885216740696777
Tamaulipas,28,13,4.247960593147284
Tamaulipas,28,14,7.944899917132114
Tamaulipas,28,15,9.101677154868767
Tamaulipas,28,16,6.285400574080336
Tamaulipas,28,17,10.322324933478765
Tamaulipas,28,18,9.744947477848866
Tamaulipas,28,19,15.47931470195659
Tamaulipas,28,20,18.54768154733062
Tamaulipas,28,21,15.384103096478277
Tamaulipas,28,22,17.927557580439405
Tamaulipas,28,23,26.44271118653889
Tamaulipas,28,24,24.025960082677067
Tamaulipas,28,25,22.273408571230757
Tamaulipas,28,26,28.656639883131067
Tamaulipas,28,27,29.00354042249724
Tamaulipas,28,28,21.077826366530303
Tamaulipas,28,29,18.383528140552624
Tamaulipas,28,30,16.61850468416014
Tamaulipas,28,31,13.559295133159031
Tamaulipas,28,32,17.909855256674238
Tamaulipas,28,33,18.09573425716007
Tamaulipas,28,34,19.572536255058846
Tamaulipas,28,35,31.36696022453628
Tamaulipas,28,36,38.938175933855106
Tamaulipas,28,37,39.30987517260904
Tamaulipas,28,38,31.87316616633136
Tamaulipas,28,39,17.750483319000022
Tamaulipas,28,40,21.638677745360265
Tamaulipas,28,41,20.89042696849122
Tamaulipas,28,42,11.339151795313674
Tamaulipas,28,43,13.789516608853845
Tamaulipas,28,44,8.309257445876922
Tamaulipas,28,45,4.773435645764342
Tamaulipas,28,46,7.014698617584775
Tamaulipas,28,47,4.657078327111887
Tamaulipas,28,48,5.7851648464414716
Tamaulipas,28,49,4.836301945114109
Tamaulipas,28,50,2.725766503845647
Tamaulipas,28,51,5.198458282644925
Tamaulipas,28,52,5.41715545170217
Tlaxcala,29,01,1.2549946982483697
Tlaxcala,29,02,1.7991581525948852
Tlaxcala,29,03,2.387480075902178
Tlaxcala,29,04,2.5935830485580733
Tlaxcala,29,05,3.4758565636606065
Tlaxcala,29,06,2.1673766728207555
Tlaxcala,29,07,1.3406214454055003
Tlaxcala,29,08,2.280924089121984
Tlaxcala,29,09,2.0550211097120568
Tlaxcala,29,10,1.5888377407466576
Tlaxcala,29,11,2.2141144642506534
Tlaxcala,29,12,2.7779753796382103
Tlaxcala,29,13,4.046294692264665
Tlaxcala,29,14,4.863483048690861
Tlaxcala,29,15,8.887885491043573
Tlaxcala,29,16,8.082793168222969
Tlaxcala,29,17,10.7435603507842
Tlaxcala,29,18,17.56317045740313
Tlaxcala,29,19,16.589335413836114
Tlaxcala,29,20,14.26261122475505
Tlaxcala,29,21,16.87490709441561
Tlaxcala,29,22,17.23115607552577
Tlaxcala,29,23,33.192179256897624
Tlaxcala,29,24,29.14375430085998
Tlaxcala,29,25,35.14140515692226
Tlaxcala,29,26,30.440306636308872
Tlaxcala,29,27,36.562123655227786
Tlaxcala,29,28,25.067786166778554
Tlaxcala,29,29,25.06286244663002
Tlaxcala,29,30,27.28479363226983
Tlaxcala,29,31,28.61823848768664
Tlaxcala,29,32,28.748256766142095
Tlaxcala,29,33,23.892513631951264
Tlaxcala,29,34,31.611744531363318
Tlaxcala,29,35,30.753276802696114
Tlaxcala,29,36,37.18820027557662
Tlaxcala,29,37,30.24989126423407
Tlaxcala,29,38,27.180593734443082
Tlaxcala,29,39,18.49308299618946
Tlaxcala,29,40,23.98185079233012
Tlaxcala,29,41,16.018072366839895
Tlaxcala,29,42,12.476657081252835
Tlaxcala,29,43,8.544085311639854
Tlaxcala,29,44,7.879414653492565
Tlaxcala,29,45,4.013608655709183
Tlaxcala,29,46,3.8693902677180145
Tlaxcala,29,47,3.180230299003745
Tlaxcala,29,48,4.395865484630201
Tlaxcala,29,49,1.6142472824341947
Tlaxcala,29,50,1.0708299712857838
Tlaxcala,29,51,1.4932533773760541
Tlaxcala,29,52,2.9049762177757588
Veracruz,30,01,12.98969993274645
Veracruz,30,02,8.84588797458705
Veracruz,30,03,9.826128488428703
Veracruz,30,04,11.911118116316521
Veracruz,30,05,12.791437787391969
Veracruz,30,06,10.604032065523333
Veracruz,30,07,9.97528661301923
Veracruz,30,08,10.87612294618735
Veracruz,30,09,6.774775640616924
Veracruz,30,10,6.652680274617539
Veracruz,30,11,5.202192023744431
Veracruz,30,12,5.376477224336449
Veracruz,30,13,7.550497328318955
Veracruz,30,14,9.06447495524219
Veracruz,30,15,11.451204248425924
Veracruz,30,16,5.89640331924452
Veracruz,30,17,11.699870684790602
Veracruz,30,18,14.236011244035794
Veracruz,30,19,17.25379344764352
Veracruz,30,20,17.71951996335783
Veracruz,30,21,19.167973922668605
Veracruz,30,22,28.75883695254727
Veracruz,30,23,46.28190638976728
Veracruz,30,24,57.75874913661233
Veracruz,30,25,57.16815084130105
Veracruz,30,26,64.4348214039455
Veracruz,30,27,64.44114499062192
Veracruz,30,28,67.53062444692479
Veracruz,30,29,62.23131265279737
Veracruz,30,30,54.42611619521979
Veracruz,30,31,55.31520608274956
Veracruz,30,32,60.48538524713856
Veracruz,30,33,52.94563835092381
Veracruz,30,34,60.295780573477685
Veracruz,30,35,71.96685010578928
Veracruz,30,36,76.56758576303204
Veracruz,30,37,83.3659408818779
Veracruz,30,38,67.9920254766317
Veracruz,30,39,75.19495761026914
Veracruz,30,40,80.0729324722676
Veracruz,30,41,55.781276795009035
Veracruz,30,42,41.18034703385838
Veracruz,30,43,35.61150502925302
Veracruz,30,44,33.61371180668411
Veracruz,30,45,29.656358208581672
Veracruz,30,46,26.505624843223266
Veracruz,30,47,17.439411650957393
Veracruz,30,48,21.073476918618006
Veracruz,30,49,20.629725574576433
Veracruz,30,50,10.083702723413788
Veracruz,30,51,14.240470938872415
Veracruz,30,52,17.971456673611463
Yucatán,31,01,9.371339462763574
Yucatán,31,02,5.929944021444192
Yucatán,31,03,7.231433387084
Yucatán,31,04,9.296212098546754
Yucatán,31,05,5.608872036949577
Yucatán,31,06,7.916443387545367
Yucatán,31,07,9.384727878253619
Yucatán,31,08,7.440190760185231
Yucatán,31,09,3.369756326259271
Yucatán,31,10,6.652181284252301
Yucatán,31,11,6.3369952702959855
Yucatán,31,12,8.563915634217102
Yucatán,31,13,8.32783187193133
Yucatán,31,14,3.9120645140307233
Yucatán,31,15,9.490126048807301
Yucatán,31,16,6.408162961615373
Yucatán,31,17,9.141187739914335
Yucatán,31,18,9.012325424621473
Yucatán,31,19,12.58242059037867
Yucatán,31,20,19.702315840246367
Yucatán,31,21,25.971735907360475
Yucatán,31,22,38.645181951218596
Yucatán,31,23,30.131014888415425
Yucatán,31,24,46.39455993636645
Yucatán,31,25,33.836863125906696
Yucatán,31,26,38.115478189748316
Yucatán,31,27,31.550082717682802
Yucatán,31,28,33.718748878615784
Yucatán,31,29,32.92466242909903
Yucatán,31,30,37.12395740250567
Yucatán,31,31,36.10460003057434
Yucatán,31,32,36.61099946090489
Yucatán,31,33,34.32619376268362
Yucatán,31,34,37.85429404686411
Yucatán,31,35,39.274352005077965
Yucatán,31,36,41.24284921174123
Yucatán,31,37,51.01934968950029
Yucatán,31,38,40.61261760324929
Yucatán,31,39,49.876639664750016
Yucatán,31,40,40.636709842965274
Yucatán,31,41,32.429771716282794
Yucatán,31,42,22.555011624823578
Yucatán,31,43,20.215818388277896
Yucatán,31,44,17.70456592327896
Yucatán,31,45,15.924835114797634
Yucatán,31,46,6.9234461389271384
Yucatán,31,47,9.822097704830815
Yucatán,31,48,10.586468230030723
Yucatán,31,49,9.936738374815652
Yucatán,31,50,6.6696351311263955
Yucatán,31,51,8.654265240816356
Yucatán,31,52,8.307472916476021
Zacatecas,32,01,1.8887310000608044
Zacatecas,32,02,3.5444276930889993
Zacatecas,32,03,4.431500534661537
Zacatecas,32,04,2.911359717362209
Zacatecas,32,05,4.20341065230578
Zacatecas,32,06,1.128788762789259
Zacatecas,32,07,1.955550650454326
Zacatecas,32,08,1.3773959103994318
Zacatecas,32,09,2.0618031007554283
Zacatecas,32,10,0.9109134832813983
Zacatecas,32,11,0.7093024091402312
Zacatecas,32,12,0.8438079942935146
Zacatecas,32,13,1.265292612750942
Zacatecas,32,14,1.571546100150595
Zacatecas,32,15,1.5313905080546426
Zacatecas,32,16,1.8169720276829244
Zacatecas,32,17,1.8810116276771258
Zacatecas,32,18,2.347443730275084
Zacatecas,32,19,3.5729545516713466
Zacatecas,32,20,4.273952995844131
Zacatecas,32,21,6.617345648030639
Zacatecas,32,22,8.089564227903185
Zacatecas,32,23,11.246638205866518
Zacatecas,32,24,23.76883678621505
Zacatecas,32,25,18.446225114191122
Zacatecas,32,26,21.86720583487964
Zacatecas,32,27,25.44977828511191
Zacatecas,32,28,22.059787424925236
Zacatecas,32,29,20.517821617083207
Zacatecas,32,30,19.9674704308254
Zacatecas,32,31,23.8417325958371
Zacatecas,32,32,21.234097302183624
Zacatecas,32,33,21.95856532991283
Zacatecas,32,34,21.41729257567286
Zacatecas,32,35,21.467162544739185
Zacatecas,32,36,25.72124321966789
Zacatecas,32,37,18.81312627057684
Zacatecas,32,38,18.726438169854205
Zacatecas,32,39,13.171243778344133
Zacatecas,32,40,9.34695454711271
Zacatecas,32,41,10.325208961894539
Zacatecas,32,42,6.150473639998266
Zacatecas,32,43,6.629155167009313
Zacatecas,32,44,2.7732825374223733
Zacatecas,32,45,1.6042189996709455
Zacatecas,32,46,3.2582673583634274
Zacatecas,32,47,2.1120529292905124
Zacatecas,32,48,2.409668930829721
Zacatecas,32,49,2.4815333024032715
Zacatecas,32,50,2.405821243231531
Zacatecas,32,51,3.38462702809699
Zacatecas,32,52,2.755301394083841
